-- --------------------------------------------------------
-- Servidor:                     104.128.65.62
-- Versão do servidor:           10.2.36-MariaDB - MariaDB Server
-- OS do Servidor:               Linux
-- HeidiSQL Versão:              11.3.0.6295
-- --------------------------------------------------------

/*!40101 SET @OLD_CHARACTER_SET_CLIENT=@@CHARACTER_SET_CLIENT */;
/*!40101 SET NAMES utf8 */;
/*!50503 SET NAMES utf8mb4 */;
/*!40014 SET @OLD_FOREIGN_KEY_CHECKS=@@FOREIGN_KEY_CHECKS, FOREIGN_KEY_CHECKS=0 */;
/*!40101 SET @OLD_SQL_MODE=@@SQL_MODE, SQL_MODE='NO_AUTO_VALUE_ON_ZERO' */;
/*!40111 SET @OLD_SQL_NOTES=@@SQL_NOTES, SQL_NOTES=0 */;


-- Copiando estrutura do banco de dados para db_foodtok
CREATE DATABASE IF NOT EXISTS `db_foodtok` /*!40100 DEFAULT CHARACTER SET utf8 */;
USE `db_foodtok`;

-- Copiando estrutura para tabela db_foodtok.acrescimo
CREATE TABLE IF NOT EXISTS `acrescimo` (
  `acrid` int(11) NOT NULL AUTO_INCREMENT,
  `lojid` int(11) NOT NULL,
  `catprodid` int(11) NOT NULL,
  `usuid` int(11) NOT NULL,
  `acrnome` varchar(100) NOT NULL,
  `acrvalor` decimal(10,2) NOT NULL,
  `status` int(11) NOT NULL DEFAULT 1,
  PRIMARY KEY (`acrid`),
  KEY `fk_acrescimo_lojas1_idx` (`lojid`),
  KEY `fk_acrescimo_categorias_produtos1_idx` (`catprodid`),
  KEY `fk_acrescimo_usuarios1_idx` (`usuid`),
  CONSTRAINT `fk_acrescimo_categorias_produtos1` FOREIGN KEY (`catprodid`) REFERENCES `categorias_produtos` (`catprodid`) ON DELETE NO ACTION ON UPDATE NO ACTION,
  CONSTRAINT `fk_acrescimo_lojas1` FOREIGN KEY (`lojid`) REFERENCES `lojas` (`lojid`) ON DELETE NO ACTION ON UPDATE NO ACTION,
  CONSTRAINT `fk_acrescimo_usuarios1` FOREIGN KEY (`usuid`) REFERENCES `usuarios` (`usuid`) ON DELETE NO ACTION ON UPDATE NO ACTION
) ENGINE=InnoDB AUTO_INCREMENT=128 DEFAULT CHARSET=utf8;

-- Copiando dados para a tabela db_foodtok.acrescimo: ~40 rows (aproximadamente)
/*!40000 ALTER TABLE `acrescimo` DISABLE KEYS */;
INSERT INTO `acrescimo` (`acrid`, `lojid`, `catprodid`, `usuid`, `acrnome`, `acrvalor`, `status`) VALUES
	(22, 11, 36, 18, 'Gelo', 0.50, 1),
	(23, 35, 38, 49, 'Gelo', 2.00, 1),
	(24, 35, 38, 49, 'Limão', 3.00, 1),
	(25, 35, 39, 49, 'Açúcar', 1.00, 1),
	(26, 35, 43, 49, 'Caldo de mocotó', 5.00, 1),
	(27, 35, 40, 49, 'Taça de Cristal ', 50.00, 1),
	(28, 35, 40, 49, 'Copo de prástico', 0.50, 1),
	(29, 35, 40, 49, 'Copo sem prástico', 0.00, 1),
	(30, 35, 38, 49, 'Gelo grátis', 0.00, 1),
	(66, 51, 62, 65, 'Borda cheddar', 1.00, 1),
	(67, 51, 62, 65, 'Borda Calab Catupiry', 7.00, 1),
	(68, 51, 62, 65, 'Borda Frang catupiry', 7.00, 1),
	(69, 51, 62, 65, 'Borda Calabr Cheddar', 7.00, 1),
	(70, 51, 62, 65, 'Borda Frango Cheddar', 7.00, 1),
	(71, 51, 62, 65, 'Borda Catupiry', 1.00, 1),
	(72, 60, 73, 74, 'Cobertura Chocolate', 8.00, 1),
	(73, 60, 73, 74, 'Cobertura Vulcão', 12.00, 1),
	(74, 60, 73, 74, 'Cobertura de Ninho', 8.00, 1),
	(79, 11, 34, 18, 'Tomate Cereja, Sementes, Cortado em Fatias Finas', 29.00, 1),
	(86, 64, 101, 78, 'Molho tártaro (grátis)', 0.01, 1),
	(87, 64, 101, 78, 'Molho Billy Jack (grátis)', 0.01, 1),
	(88, 64, 101, 78, 'Batata frita  mini', 4.00, 1),
	(89, 64, 101, 78, 'Guaracrac', 1.50, 1),
	(90, 64, 101, 78, 'Fanta laranja lata', 4.50, 1),
	(91, 64, 101, 78, 'Pipsi lata', 4.50, 1),
	(92, 64, 101, 78, 'Coca cola lata', 5.00, 1),
	(93, 64, 101, 78, 'Pudim', 3.00, 1),
	(94, 64, 101, 78, 'Batata frita média (meio kilo)', 10.00, 1),
	(95, 64, 101, 78, 'Batata com bacon ( meio kilo)', 15.00, 1),
	(113, 64, 101, 78, 'Coca cola 2l', 10.00, 1),
	(114, 64, 101, 78, 'Flexa 2l', 5.00, 1),
	(115, 11, 92, 18, 'Mussarela', 2.00, 1),
	(116, 11, 92, 18, 'Cebola', 1.00, 1),
	(121, 11, 96, 18, 'Leite', 1.00, 1),
	(122, 11, 134, 18, 'Fruta do dia', 3.00, 1),
	(123, 88, 153, 102, 'Molho Mostarda', 6.00, 1),
	(124, 88, 154, 102, 'Gelo', 2.00, 1),
	(125, 91, 161, 105, 'Cheddar', 3.00, 1),
	(126, 91, 161, 105, 'Catupiry', 3.00, 1),
	(127, 93, 164, 107, 'Cobertura', 2.00, 1);
/*!40000 ALTER TABLE `acrescimo` ENABLE KEYS */;

-- Copiando estrutura para tabela db_foodtok.categorias_produtos
CREATE TABLE IF NOT EXISTS `categorias_produtos` (
  `catprodid` int(11) NOT NULL AUTO_INCREMENT,
  `usuid` int(11) NOT NULL,
  `lojid` int(11) NOT NULL,
  `catprodnome` varchar(100) NOT NULL,
  `status` int(11) DEFAULT 1,
  `catprodmeia` int(11) DEFAULT NULL,
  PRIMARY KEY (`catprodid`),
  KEY `fk_categorias_produtos_lojas1_idx` (`lojid`),
  KEY `fk_categorias_produtos_usuarios1_idx` (`usuid`),
  CONSTRAINT `fk_categorias_produtos_lojas1` FOREIGN KEY (`lojid`) REFERENCES `lojas` (`lojid`) ON DELETE NO ACTION ON UPDATE NO ACTION,
  CONSTRAINT `fk_categorias_produtos_usuarios1` FOREIGN KEY (`usuid`) REFERENCES `usuarios` (`usuid`) ON DELETE NO ACTION ON UPDATE NO ACTION
) ENGINE=InnoDB AUTO_INCREMENT=165 DEFAULT CHARSET=utf8;

-- Copiando dados para a tabela db_foodtok.categorias_produtos: ~61 rows (aproximadamente)
/*!40000 ALTER TABLE `categorias_produtos` DISABLE KEYS */;
INSERT INTO `categorias_produtos` (`catprodid`, `usuid`, `lojid`, `catprodnome`, `status`, `catprodmeia`) VALUES
	(34, 18, 11, 'Pizza Família', 1, 1),
	(36, 18, 11, 'Bebidas', 1, 0),
	(38, 49, 35, 'Bebidas', 1, 0),
	(39, 49, 35, 'Sobremesas', 1, 0),
	(40, 49, 35, 'Carta Vinhos', 1, 0),
	(41, 49, 35, 'Pizzas Doces', 1, 0),
	(42, 49, 35, 'Pizzas Tradicionais', 1, 0),
	(43, 49, 35, 'Pizzas Especiais', 1, 0),
	(59, 64, 50, 'Açaí', 1, 0),
	(60, 65, 51, 'Esfihas Salgadas', 1, 0),
	(61, 65, 51, 'Esfihas Doces', 1, 0),
	(62, 65, 51, 'Pizzas Gourmet', 1, 0),
	(65, 67, 53, 'Pizza tradicional', 1, 0),
	(66, 67, 53, 'Pizza Especial', 1, 0),
	(67, 67, 53, 'Pizza Novidade', 1, 0),
	(73, 74, 60, 'Bolo Caseiro Simples', 1, 0),
	(74, 74, 60, 'Bolos de Festa', 1, 0),
	(75, 74, 60, 'Sobremesas Geladas', 1, 0),
	(76, 74, 60, 'Torta Salgada', 1, 0),
	(77, 74, 60, 'Doces Gourmet', 1, 0),
	(78, 74, 60, 'Salgados para festa', 1, 0),
	(82, 74, 60, 'Bolos com cobertura', 1, 0),
	(83, 74, 60, 'Bolo Vulcão', 1, 0),
	(92, 18, 11, 'Lanches', 1, 0),
	(96, 18, 11, 'Sucos Naturais', 1, 0),
	(99, 78, 64, 'Pizza grande 35cm', 1, 0),
	(100, 78, 64, 'Pizza família 40cm', 1, 0),
	(101, 78, 64, 'Burguer', 1, 0),
	(103, 78, 64, 'Pizza frita', 1, 0),
	(104, 18, 11, 'Porção', 1, 1),
	(111, 89, 75, 'Pizzas', 1, 0),
	(112, 89, 75, 'Esfihas', 1, 0),
	(117, 89, 75, 'Bebidas', 1, 0),
	(118, 90, 76, 'Pizzas', 1, 0),
	(119, 92, 78, 'Pizzas Salgadas', 1, 0),
	(120, 92, 78, 'Pizzas Doces', 1, 0),
	(121, 92, 78, 'Bebidas', 1, 0),
	(122, 87, 73, 'AÇAI  ', 1, 1),
	(133, 96, 82, 'Bebidas', 1, 0),
	(134, 18, 11, 'Hora do Almoço', 1, 0),
	(136, 98, 84, 'LANCHE', 1, 0),
	(137, 98, 84, 'ESFIHA ABERTA ', 1, 0),
	(138, 98, 84, 'PIZZAS', 1, 1),
	(139, 98, 84, 'BEBIDAS', 1, 0),
	(140, 98, 84, 'FRANGO ASSADO', 1, 0),
	(141, 18, 11, 'Hortfruti', 1, 0),
	(142, 99, 85, 'Batida Alcoólica', 1, 0),
	(143, 100, 86, 'Pizzas', 1, 1),
	(144, 100, 86, 'Bebidas', 1, 0),
	(153, 102, 88, 'Peixes', 1, 0),
	(154, 102, 88, 'Bebidas', 1, 0),
	(155, 102, 88, 'Porções', 1, 1),
	(156, 102, 88, 'Bebidas Alcoólicas', 1, 0),
	(157, 103, 89, 'HOT DOG SIMPLES  ', 1, 0),
	(158, 104, 90, 'Pizza', 1, 0),
	(159, 105, 91, 'Pizzas 8 pedaços', 1, 0),
	(160, 105, 91, 'Pizzas 4 pedaços', 1, 0),
	(161, 105, 91, 'Bordas recheadas', 1, 0),
	(162, 106, 92, 'Massas', 1, 1),
	(163, 106, 92, 'Doces', 1, 1),
	(164, 107, 93, 'teste', 1, 0);
/*!40000 ALTER TABLE `categorias_produtos` ENABLE KEYS */;

-- Copiando estrutura para tabela db_foodtok.combo
CREATE TABLE IF NOT EXISTS `combo` (
  `comid` int(11) NOT NULL AUTO_INCREMENT,
  `promoid` int(11) NOT NULL,
  `prodid` int(11) NOT NULL,
  `comqtde` bigint(20) NOT NULL DEFAULT 0,
  PRIMARY KEY (`comid`,`promoid`,`prodid`),
  KEY `fk_promocoes_has_produtos_produtos1_idx` (`prodid`),
  KEY `fk_promocoes_has_produtos_promocoes1_idx` (`promoid`),
  CONSTRAINT `fk_promocoes_has_produtos_produtos1` FOREIGN KEY (`prodid`) REFERENCES `produtos` (`prodid`) ON DELETE NO ACTION ON UPDATE NO ACTION,
  CONSTRAINT `fk_promocoes_has_produtos_promocoes1` FOREIGN KEY (`promoid`) REFERENCES `promocoes` (`promoid`) ON DELETE NO ACTION ON UPDATE NO ACTION
) ENGINE=InnoDB AUTO_INCREMENT=447 DEFAULT CHARSET=utf8;

-- Copiando dados para a tabela db_foodtok.combo: ~16 rows (aproximadamente)
/*!40000 ALTER TABLE `combo` DISABLE KEYS */;
INSERT INTO `combo` (`comid`, `promoid`, `prodid`, `comqtde`) VALUES
	(431, 212, 243, 1),
	(432, 212, 290, 1),
	(433, 213, 302, 1),
	(434, 213, 300, 1),
	(435, 214, 299, 1),
	(436, 214, 293, 1),
	(437, 215, 288, 1),
	(438, 215, 302, 1),
	(439, 216, 244, 1),
	(440, 216, 302, 1),
	(441, 217, 243, 1),
	(442, 217, 300, 1),
	(443, 218, 339, 1),
	(444, 218, 345, 1),
	(445, 219, 356, 1),
	(446, 219, 357, 80);
/*!40000 ALTER TABLE `combo` ENABLE KEYS */;

-- Copiando estrutura para tabela db_foodtok.design
CREATE TABLE IF NOT EXISTS `design` (
  `desid` int(11) NOT NULL AUTO_INCREMENT,
  `usuid` int(11) NOT NULL,
  `lojid` int(11) NOT NULL,
  `descorpadrao` varchar(20) NOT NULL,
  `descorsegundaria` varchar(20) NOT NULL,
  `descorterciaria` varchar(20) NOT NULL,
  PRIMARY KEY (`desid`),
  KEY `fk_design_lojas1_idx` (`lojid`),
  KEY `fk_design_usuarios1_idx` (`usuid`),
  CONSTRAINT `fk_design_lojas1` FOREIGN KEY (`lojid`) REFERENCES `lojas` (`lojid`) ON DELETE NO ACTION ON UPDATE NO ACTION,
  CONSTRAINT `fk_design_usuarios1` FOREIGN KEY (`usuid`) REFERENCES `usuarios` (`usuid`) ON DELETE NO ACTION ON UPDATE NO ACTION
) ENGINE=InnoDB AUTO_INCREMENT=78 DEFAULT CHARSET=utf8;

-- Copiando dados para a tabela db_foodtok.design: ~31 rows (aproximadamente)
/*!40000 ALTER TABLE `design` DISABLE KEYS */;
INSERT INTO `design` (`desid`, `usuid`, `lojid`, `descorpadrao`, `descorsegundaria`, `descorterciaria`) VALUES
	(8, 18, 11, '#0c0d0d', '#ffffff', '#ff8c00'),
	(19, 49, 35, '#0B0F12', '#ffffff', '#ff6a00'),
	(34, 64, 50, '#0B0F12', '#ffffff', '#C85310'),
	(35, 65, 51, '#ff0000', '#ffffff', '#C85310'),
	(36, 66, 52, '#0B0F12', '#ffffff', '#C85310'),
	(37, 67, 53, '#0B0F12', '#ffffff', '#C85310'),
	(41, 71, 57, '#0B0F12', '#ffffff', '#C85310'),
	(44, 74, 60, '#c38d41', '#ffffff', '#8c4218'),
	(48, 78, 64, '#ff0000', '#ffff00', '#000000'),
	(49, 79, 65, '#0B0F12', '#ffffff', '#C85310'),
	(50, 80, 66, '#0B0F12', '#ffffff', '#C85310'),
	(53, 83, 69, '#ff0000', '#000000', '#0000ff'),
	(54, 84, 70, '#0B0F12', '#ffffff', '#C85310'),
	(55, 85, 71, '#0B0F12', '#ffffff', '#C85310'),
	(57, 87, 73, '#0B0F12', '#ff00ff', '#00ff00'),
	(58, 88, 74, '#0B0F12', '#ffffff', '#C85310'),
	(59, 89, 75, '#ff0000', '#00ff00', '#C85310'),
	(60, 90, 76, '#0B0F12', '#ffffff', '#C85310'),
	(61, 91, 77, '#0B0F12', '#ffffff', '#C85310'),
	(62, 92, 78, '#0B0F12', '#eef207', '#C85310'),
	(66, 96, 82, '#0B0F12', '#ffffff', '#C85310'),
	(68, 98, 84, '#0B0F12', '#ffffff', '#ff0000'),
	(69, 99, 85, '#0B0F12', '#ffffff', '#4a6ae8'),
	(70, 100, 86, '#0B0F12', '#ffffff', '#C85310'),
	(71, 101, 87, '#0B0F12', '#ffffff', '#C85310'),
	(72, 102, 88, '#c8092f', '#ffffff', '#0a0400'),
	(73, 103, 89, '#0B0F12', '#ffffff', '#C85310'),
	(74, 104, 90, '#0B0F12', '#ffffff', '#C85310'),
	(75, 105, 91, '#ffffff', '#2e802e', '#b81414'),
	(76, 106, 92, '#0B0F12', '#ffffff', '#C85310'),
	(77, 107, 93, '#0B0F12', '#ffffff', '#C85310');
/*!40000 ALTER TABLE `design` ENABLE KEYS */;

-- Copiando estrutura para tabela db_foodtok.enderecos
CREATE TABLE IF NOT EXISTS `enderecos` (
  `endid` int(11) NOT NULL AUTO_INCREMENT,
  `usuid` int(11) NOT NULL,
  `endcep` varchar(8) DEFAULT NULL,
  `enduf` varchar(2) DEFAULT NULL,
  `endcidade` varchar(100) DEFAULT NULL,
  `endbairro` varchar(50) DEFAULT NULL,
  `endrua` varchar(45) DEFAULT NULL,
  `endnumero` int(11) DEFAULT NULL,
  `endnome` varchar(45) DEFAULT NULL,
  `endcomplemento` varchar(100) DEFAULT NULL,
  PRIMARY KEY (`endid`),
  KEY `fk_enderecos_usuarios1_idx` (`usuid`),
  CONSTRAINT `fk_enderecos_usuarios1` FOREIGN KEY (`usuid`) REFERENCES `usuarios` (`usuid`) ON DELETE NO ACTION ON UPDATE NO ACTION
) ENGINE=InnoDB AUTO_INCREMENT=60 DEFAULT CHARSET=utf8;

-- Copiando dados para a tabela db_foodtok.enderecos: ~33 rows (aproximadamente)
/*!40000 ALTER TABLE `enderecos` DISABLE KEYS */;
INSERT INTO `enderecos` (`endid`, `usuid`, `endcep`, `enduf`, `endcidade`, `endbairro`, `endrua`, `endnumero`, `endnome`, `endcomplemento`) VALUES
	(2, 74, '06080120', 'SP', 'Osasco', 'Vila Osasco', 'Luiz Antônio Padrão', 289, NULL, NULL),
	(3, 71, '19013120', 'SP', 'Pres. Prudente - SP', 'Jardim Eldorado', 'Av. Paulo Marcondes', 885, NULL, NULL),
	(4, 66, '39508000', 'MG', 'Jaiba', 'Centro', 'Av.joao Texeira filho', 345, NULL, 'Av.da Prefeitura'),
	(5, 67, NULL, 'RJ', 'São Gonçalo', 'Santa Luzia', 'Avenida Carmela Dutra', 348, 'Pizzas Avenida', 'Casa'),
	(6, 64, '13568715', 'SP', 'São Carlos', 'Resindencial Parque Douradinho', 'Avenida Luciano Eduardo Felix', 228, 'Delicia de Açaí', NULL),
	(7, 18, '19999999', 'SP', 'Onde você estiver', 'Online', 'Disponível na web, plataforma nota', 1000, 'cardapiodemo', 'no computador ou celular'),
	(16, 65, '86360000', 'PR', 'Bandeirantes', 'Centro', 'Av. Benedito Leite de Negreiros', 678, 'cardapio65', '06 No calçadão'),
	(21, 49, '19030020', 'SP', 'Presidente Prudente', 'Vila Marcondes', 'Rua Marechal Floriano Peixoto', 166, 'FoodTok', NULL),
	(27, 71, '19025000', 'SP', 'Presidente Prudente', 'Jd. Eldorado', 'Rua Francisco Carlos de Oliveira', 885, NULL, NULL),
	(28, 74, '06080120', 'SP', 'Osasco', 'Vila Osasco', 'Luiz Antônio Padrão', 289, NULL, NULL),
	(29, 78, '28820000', 'RJ', 'Silva Jardim', 'Cidade nova', 'Rua 28 de abril', 9, 'Pizzaria cidade nova', 'Igreja'),
	(30, 79, '94090430', 'RS', 'Gravataí ', 'Vera Cruz ', 'Rua esteio ', 15, 'Tá no forno ', 'Casa'),
	(32, 80, '19050000', 'SP', 'Presidente Prudente', 'Vila Formosa', 'Rua Dr José Foz', 2795, 'Meu Doce Gourmet', ''),
	(35, 83, '25065030', 'RJ', 'Duque de Caxias ', 'Vila São Luiz ', 'Rua deputado Sá Rego ', 664, 'Manias lanches', '15 de novembro '),
	(36, 84, '85236655', 'DF', 'P norte ', 'Ceilandia ', 'Quiosque ', 8, 'Pizzabrazola ', 'Pizzabrazola '),
	(37, 85, '15625000', 'SP', 'Meridiano', 'Centro', 'Rua sao jose ', 1678, 'Red Black', ''),
	(39, 87, '06717100', 'SP', 'COTIA', 'Parque Bahia', 'AVENIDA PROFESSOR MANOEL JOSE PEDROSO', 1298, 'açai sabores', ''),
	(40, 88, '06160185', 'SP', 'Osasco ', 'Jd Bandeira ', 'Clóvis baglione ', 28, 'Samara Pastéis ', ''),
	(41, 89, '11750000', 'SP', 'Peruíbe', 'Prados', 'Rua São José', 75, 'Aladdin pizzaria ', ''),
	(42, 90, '09380544', 'SP', 'Maua', 'Jd Oratório', 'Rua Vilhena', 172, 'Marques pizzaria ', ''),
	(43, 91, '98380000', 'RS', 'Seberi', 'CENTRO', 'Av flores da cunha', 628, 'Tempero Caseiro', ''),
	(44, 92, '25956080', 'RJ', 'Teresópolis', 'são pedro', 'rua Manoel carreiro de melo', 180, 'Hot Pizza Delivery', ''),
	(48, 96, '06846060', 'SP', 'Embu dsa Artes', 'Chac São Cristóvão', 'Rua Viracopos', 661, 'DSK Informatica', ''),
	(50, 98, '19700000', 'SP', 'Paraguaçu Paulista ', 'Vila affini ', 'Sete de setembro ', 1378, 'MARIANO PIZZAS ', 'Prédio amarelo '),
	(51, 99, '12700000', 'SP', 'Cruzeiro', 'Bairro', 'Rua', 0, 'TID\'S Distribuidora', '0'),
	(52, 100, '68554340', 'PA', 'Redenção', 'Planalto 1', 'Rua Clara Nunes', 112, 'Pizzaria colinas', 'De esquina, '),
	(53, 101, '19030020', 'SP', 'PRESIDENTE PRUDENTE', 'Vila Marcondes', 'RUA MARECHAL FLORIANO PEIXOTO', 166, 'Tectectec', ''),
	(54, 102, '19060330', 'SP', 'Presidente Prudente', 'Jardim Petrópolis', 'Rua Abdala Buchalla', 123, 'Empresa de Alimentos', ''),
	(55, 103, '19010260', 'SP', 'Presidente Prudente', 'Centro', 'Rua Rui Barbosa', 181, 'sabor e arte ', 'Salão '),
	(56, 104, '04754010', 'SP', 'São Paulo', 'Santo Amaro', 'Avenida Mário Lopes Leão', 588, 'Alemas pizza', ''),
	(57, 105, '19045520', 'SP', 'Presidente Prudente', 'Jardim Nova Planaltina', 'Paulo José Lima', 286, 'Stop Pizza Delivery', ''),
	(58, 106, '19020600', 'SP', 'Presidente Prudente', 'Vila Machadinho', 'Rua Euclides da Cunha', 1009, 'Loja Do Mateus', ''),
	(59, 107, '19050490', 'SP', 'Presidente Prudente', 'Cidade Universitária', 'Rua Hipólito José da Costa', 80, 'TesteTanca', '');
/*!40000 ALTER TABLE `enderecos` ENABLE KEYS */;

-- Copiando estrutura para tabela db_foodtok.formas_pagamentos
CREATE TABLE IF NOT EXISTS `formas_pagamentos` (
  `fpid` int(11) NOT NULL AUTO_INCREMENT,
  `lojid` int(11) NOT NULL,
  `fpnome` varchar(45) NOT NULL,
  PRIMARY KEY (`fpid`) USING BTREE,
  KEY `fk_formas_pagamentos_lojas1_idx` (`lojid`),
  CONSTRAINT `fk_formas_pagamentos_lojas1` FOREIGN KEY (`lojid`) REFERENCES `lojas` (`lojid`) ON DELETE NO ACTION ON UPDATE NO ACTION
) ENGINE=InnoDB AUTO_INCREMENT=126 DEFAULT CHARSET=utf8;

-- Copiando dados para a tabela db_foodtok.formas_pagamentos: ~60 rows (aproximadamente)
/*!40000 ALTER TABLE `formas_pagamentos` DISABLE KEYS */;
INSERT INTO `formas_pagamentos` (`fpid`, `lojid`, `fpnome`) VALUES
	(22, 35, 'Dinheiro'),
	(23, 35, 'Bolsa Família'),
	(24, 35, 'Cartão Débito'),
	(42, 50, 'Dinheiro'),
	(43, 51, 'Dinheiro'),
	(44, 51, 'Cartão débito'),
	(45, 51, 'Cartão crédito'),
	(46, 52, 'Dinheiro'),
	(47, 53, 'Dinheiro'),
	(51, 57, 'Dinheiro'),
	(52, 57, 'Pix'),
	(55, 60, 'Dinheiro'),
	(56, 60, 'Cartão de crédito e débito'),
	(57, 60, 'Transferência bancária'),
	(58, 60, 'PIX'),
	(68, 64, 'Dinheiro'),
	(69, 65, 'Dinheiro'),
	(70, 64, 'Crédito/ débito'),
	(71, 66, 'Dinheiro'),
	(74, 69, 'Dinheiro e cartões '),
	(75, 70, 'Dinheiro'),
	(76, 71, 'Dinheiro'),
	(78, 11, 'Dinheiro'),
	(79, 73, 'Dinheiro'),
	(80, 74, 'Dinheiro'),
	(81, 75, 'Dinheiro'),
	(82, 75, 'Cartão débito/credito'),
	(83, 76, 'Dinheiro'),
	(84, 77, 'Dinheiro'),
	(85, 78, 'Dinheiro'),
	(86, 78, 'Crédito Master '),
	(87, 78, 'Crédito Visa'),
	(88, 78, 'Crédito Ello'),
	(89, 78, 'Débito Visa'),
	(90, 78, 'Débito Ello'),
	(91, 78, 'Débito Master'),
	(92, 78, 'PIX (CNPJ 39.694.611/0001-12)'),
	(100, 82, 'Dinheiro'),
	(102, 84, 'Dinheiro'),
	(103, 84, 'Pix '),
	(104, 84, 'Cartão Pas'),
	(105, 84, 'Cartão da Cocal '),
	(106, 84, 'Cartão de crédito '),
	(107, 84, 'Cartão de débito '),
	(108, 84, 'Pic pay'),
	(109, 85, 'Dinheiro'),
	(110, 85, 'Pix'),
	(112, 86, 'Dinheiro'),
	(113, 87, 'Dinheiro'),
	(114, 88, 'Dinheiro'),
	(115, 88, 'Pix - 123465889'),
	(116, 89, 'Dinheiro'),
	(117, 90, 'Dinheiro'),
	(118, 91, 'Dinheiro'),
	(119, 91, 'Crédito'),
	(120, 91, 'Débito'),
	(121, 92, 'Dinheiro'),
	(122, 93, 'Dinheiro'),
	(124, 93, 'Cartão de Crédito'),
	(125, 93, 'Pix');
/*!40000 ALTER TABLE `formas_pagamentos` ENABLE KEYS */;

-- Copiando estrutura para tabela db_foodtok.horario_funcionamento
CREATE TABLE IF NOT EXISTS `horario_funcionamento` (
  `hfid` int(11) NOT NULL AUTO_INCREMENT,
  `lojid` int(11) NOT NULL,
  `hfdiasemana` varchar(45) NOT NULL,
  `hfhoraabertura` time NOT NULL,
  `hfhorafechamento` time NOT NULL,
  PRIMARY KEY (`hfid`),
  KEY `fk_horario_funcionamento_lojas1_idx` (`lojid`),
  CONSTRAINT `fk_horario_funcionamento_lojas1` FOREIGN KEY (`lojid`) REFERENCES `lojas` (`lojid`) ON DELETE NO ACTION ON UPDATE NO ACTION
) ENGINE=InnoDB AUTO_INCREMENT=131 DEFAULT CHARSET=utf8;

-- Copiando dados para a tabela db_foodtok.horario_funcionamento: ~60 rows (aproximadamente)
/*!40000 ALTER TABLE `horario_funcionamento` DISABLE KEYS */;
INSERT INTO `horario_funcionamento` (`hfid`, `lojid`, `hfdiasemana`, `hfhoraabertura`, `hfhorafechamento`) VALUES
	(26, 11, 'SEG', '08:00:00', '18:00:00'),
	(28, 11, 'TER', '08:00:00', '18:00:00'),
	(29, 11, 'QUA', '08:00:00', '18:00:00'),
	(30, 11, 'QUI', '08:00:00', '18:00:00'),
	(31, 11, 'SEX', '08:00:00', '18:00:00'),
	(36, 35, 'DOM', '10:10:00', '23:30:00'),
	(48, 51, 'SEG', '19:00:00', '23:00:00'),
	(49, 51, 'TER', '19:00:00', '23:00:00'),
	(50, 51, 'QUA', '19:00:00', '23:00:00'),
	(51, 51, 'SEX', '19:00:00', '23:00:00'),
	(52, 51, 'SAB', '19:00:00', '23:00:00'),
	(54, 60, 'TER', '12:00:00', '19:00:00'),
	(55, 60, 'QUA', '12:00:00', '19:00:00'),
	(56, 60, 'QUI', '12:00:00', '19:00:00'),
	(57, 60, 'SEX', '10:00:00', '19:00:00'),
	(58, 60, 'SAB', '10:00:00', '19:00:00'),
	(59, 60, 'SEG', '12:00:00', '19:00:00'),
	(60, 60, 'DOM', '10:00:00', '16:00:00'),
	(78, 64, 'SEG', '17:00:00', '23:00:00'),
	(79, 75, 'TER', '18:00:00', '00:00:00'),
	(80, 75, 'QUA', '18:00:00', '00:00:00'),
	(81, 75, 'QUI', '18:00:00', '00:00:00'),
	(82, 75, 'SEX', '18:00:00', '00:00:00'),
	(83, 75, 'SAB', '18:00:00', '00:00:00'),
	(84, 75, 'DOM', '18:00:00', '00:00:00'),
	(85, 78, 'TER', '18:00:00', '23:45:00'),
	(86, 78, 'QUA', '18:00:00', '23:45:00'),
	(87, 78, 'QUI', '18:00:00', '23:45:00'),
	(88, 78, 'SEX', '18:00:00', '23:45:00'),
	(89, 78, 'SAB', '18:00:00', '23:45:00'),
	(90, 78, 'DOM', '18:00:00', '23:45:00'),
	(102, 82, 'QUI', '17:40:00', '23:00:00'),
	(103, 84, 'SEG', '18:30:00', '23:30:00'),
	(104, 84, 'TER', '18:30:00', '23:30:00'),
	(105, 84, 'QUI', '18:30:00', '23:30:00'),
	(106, 84, 'SEX', '18:30:00', '00:00:00'),
	(107, 84, 'SAB', '18:30:00', '00:00:00'),
	(108, 84, 'DOM', '18:30:00', '23:30:00'),
	(109, 85, 'SEG', '08:30:00', '20:00:00'),
	(110, 85, 'TER', '08:30:00', '20:00:00'),
	(111, 85, 'QUA', '08:30:00', '20:00:00'),
	(112, 85, 'QUI', '08:30:00', '20:00:00'),
	(113, 85, 'SEX', '08:30:00', '20:00:00'),
	(114, 85, 'SAB', '08:30:00', '23:59:00'),
	(115, 85, 'DOM', '00:00:00', '23:59:00'),
	(116, 88, 'SEG', '18:00:00', '23:00:00'),
	(117, 88, 'TER', '09:00:00', '19:00:00'),
	(118, 88, 'QUA', '08:00:00', '18:00:00'),
	(119, 88, 'QUI', '18:00:00', '23:00:00'),
	(120, 88, 'SEX', '18:00:00', '23:00:00'),
	(121, 91, 'SEG', '17:00:00', '23:00:00'),
	(122, 91, 'QUA', '17:00:00', '23:00:00'),
	(123, 91, 'QUI', '17:00:00', '23:00:00'),
	(124, 91, 'SEX', '17:00:00', '23:00:00'),
	(125, 91, 'SAB', '17:00:00', '23:00:00'),
	(126, 91, 'DOM', '17:00:00', '23:00:00'),
	(127, 93, 'SEG', '18:30:00', '22:00:00'),
	(128, 93, 'QUA', '12:30:00', '22:00:00'),
	(129, 93, 'TER', '18:29:00', '23:34:00'),
	(130, 93, 'QUA', '17:17:00', '22:22:00');
/*!40000 ALTER TABLE `horario_funcionamento` ENABLE KEYS */;

-- Copiando estrutura para tabela db_foodtok.imagens_produtos
CREATE TABLE IF NOT EXISTS `imagens_produtos` (
  `imgproid` int(11) NOT NULL AUTO_INCREMENT,
  `prodid` int(11) NOT NULL,
  `imgprocaminho` varchar(150) NOT NULL,
  PRIMARY KEY (`imgproid`),
  KEY `fk_imagens_produtos_produtos1_idx` (`prodid`),
  CONSTRAINT `fk_imagens_produtos_produtos1` FOREIGN KEY (`prodid`) REFERENCES `produtos` (`prodid`) ON DELETE NO ACTION ON UPDATE NO ACTION
) ENGINE=InnoDB AUTO_INCREMENT=268 DEFAULT CHARSET=utf8;

-- Copiando dados para a tabela db_foodtok.imagens_produtos: ~152 rows (aproximadamente)
/*!40000 ALTER TABLE `imagens_produtos` DISABLE KEYS */;
INSERT INTO `imagens_produtos` (`imgproid`, `prodid`, `imgprocaminho`) VALUES
	(73, 108, 'uploads/2021-04-05T20-51-09.558Z-CALABRESA_PIZZA.jpg'),
	(74, 109, 'uploads/2021-04-05T20-51-29.639Z-MOZZARELA.jpg'),
	(83, 164, 'uploads/2021-02-19T17-16-09.905Z-e6b446aecc72eb1720f36149f799e801[1].jpg'),
	(84, 165, 'uploads/2021-02-19T17-18-53.280Z-32315fc2597b96d48b8e13e43f2e6e01.jpg'),
	(85, 166, 'uploads/2021-02-19T17-20-55.740Z-images.jpg'),
	(86, 167, 'uploads/2021-02-19T17-22-25.701Z-download.jpg'),
	(87, 168, 'uploads/2021-02-19T17-23-47.623Z-images (1).jpg'),
	(88, 169, 'uploads/2021-02-19T17-25-24.204Z-download (1).jpg'),
	(89, 170, 'uploads/2021-02-19T17-27-21.188Z-edb33decb695fd3c633f192639ef47c2[1].jpg'),
	(90, 171, 'uploads/2021-02-19T17-28-24.885Z-905ec4dd0cfbd132b5f60caa204619db[1].jpg'),
	(91, 172, 'uploads/2021-02-19T17-29-28.734Z-c22e8e4bde90d2ffe2c0ec6ddac88663[1].jpg'),
	(92, 173, 'uploads/2021-02-19T17-30-56.384Z-0028ecfc15a9cb51bad21aece6a73863[1].jpg'),
	(93, 174, 'uploads/2021-02-19T17-32-37.094Z-download (2).jpg'),
	(94, 175, 'uploads/2021-02-19T17-33-45.314Z-9b36b89d91f584994b91780753ce3075[1].jpg'),
	(95, 176, 'uploads/2021-02-19T17-35-00.667Z-07dbe603757773b74e015f8322098eba[1].jpg'),
	(96, 177, 'uploads/2021-02-19T17-39-49.000Z-images (2).jpg'),
	(97, 178, 'uploads/2021-02-19T17-42-00.088Z-bc19cf1cc6e70ed09ca9c338ff35ea51[1].jpg'),
	(98, 179, 'uploads/2021-02-19T17-44-39.539Z-images (3).jpg'),
	(99, 180, 'uploads/2021-02-19T17-49-09.035Z-download (3).jpg'),
	(100, 181, 'uploads/2021-02-19T17-50-41.942Z-download (4).jpg'),
	(101, 182, 'uploads/2021-02-19T17-52-48.154Z-download (5).jpg'),
	(102, 183, 'uploads/2021-02-19T17-54-21.186Z-images (4).jpg'),
	(103, 184, 'uploads/2021-02-19T17-56-01.989Z-download (6).jpg'),
	(104, 185, 'uploads/2021-02-19T17-57-03.686Z-download (7).jpg'),
	(105, 186, 'uploads/2021-02-19T18-07-26.564Z-download (8).jpg'),
	(108, 189, 'uploads/2021-02-19T18-15-58.263Z-images (6).jpg'),
	(115, 196, 'uploads/2021-02-22T21-31-55.053Z-89029755_2628578644092541_477985982658904064_n.jpg'),
	(116, 197, 'uploads/2021-02-22T21-34-47.622Z-images (8).jpg'),
	(117, 198, 'uploads/2021-02-22T21-36-36.532Z-images (9).jpg'),
	(118, 199, 'uploads/2021-02-22T21-39-17.830Z-images (10).jpg'),
	(119, 200, 'uploads/2021-02-22T21-40-07.987Z-images (12).jpg'),
	(120, 201, 'uploads/2021-02-22T21-41-06.634Z-download (10).jpg'),
	(121, 202, 'uploads/2021-02-22T21-43-49.218Z-download (11).jpg'),
	(122, 203, 'uploads/2021-02-22T21-58-52.894Z-117239945_3082349545210896_2240148453072389955_n.jpg'),
	(123, 207, 'uploads/2021-02-24T13-27-31.989Z-images (54).jpeg'),
	(124, 208, 'uploads/2021-02-24T13-33-15.770Z-images (53).jpeg'),
	(125, 209, 'uploads/2021-02-24T15-13-48.452Z-images (46).jpeg'),
	(126, 210, 'uploads/2021-02-24T15-17-37.346Z-images (51).jpeg'),
	(127, 211, 'uploads/2021-02-24T15-35-07.041Z-images (57).jpeg'),
	(128, 212, 'uploads/2021-02-24T15-37-03.673Z-images (58).jpeg'),
	(129, 213, 'uploads/2021-02-24T16-27-57.071Z-images (43).jpeg'),
	(130, 214, 'uploads/2021-02-24T17-46-49.599Z-xcalabresacombacon.jpg'),
	(131, 215, 'uploads/2021-02-24T17-47-58.711Z-images (32).jpeg'),
	(132, 216, 'uploads/2021-02-24T17-50-40.578Z-images (31).jpeg'),
	(134, 218, 'uploads/2021-02-25T02-53-53.165Z-images (32).jpeg'),
	(135, 219, 'uploads/2021-02-25T03-04-14.451Z-FB_IMG_1614197019438.jpg'),
	(136, 220, 'uploads/2021-02-25T03-07-19.740Z-FB_IMG_1614197002988.jpg'),
	(142, 226, 'uploads/2021-02-25T12-36-13.608Z-images (41).jpeg'),
	(144, 228, 'uploads/2021-02-25T12-41-43.752Z-images (39).jpeg'),
	(145, 229, 'uploads/2021-02-25T12-47-47.148Z-images (52).jpeg'),
	(146, 230, 'uploads/2021-02-25T13-18-55.430Z-e6cbb7af-5973-4f73-9313-0bb3160660ed.jpg'),
	(147, 231, 'uploads/2021-02-25T13-31-55.849Z-images (61).jpeg'),
	(148, 232, 'uploads/2021-02-25T13-34-53.656Z-7cfd9dfb-014f-4416-b823-4593712a7606.jpg'),
	(149, 233, 'uploads/2021-02-25T13-55-15.892Z-images (64).jpeg'),
	(150, 234, 'uploads/2021-02-25T13-59-59.750Z-images (62).jpeg'),
	(151, 235, 'uploads/2021-02-27T17-51-17.935Z-images (67).jpeg'),
	(152, 236, 'uploads/2021-02-27T18-21-19.337Z-images (69).jpeg'),
	(153, 237, 'uploads/2021-02-27T20-48-27.160Z-images (26).jpeg'),
	(154, 238, 'uploads/2021-02-27T20-50-34.105Z-images (46).jpeg'),
	(155, 239, 'uploads/2021-02-27T21-06-18.887Z-ngbcql1g4ogok4osc4.jpg'),
	(159, 243, 'uploads/2021-04-05T20-36-23.697Z-HAMBURGUER 2.jpg'),
	(160, 244, 'uploads/2021-04-05T20-35-31.648Z-HAMBURGUER.jpg'),
	(161, 245, 'uploads/2021-03-05T14-37-38.869Z-images (76).jpeg'),
	(162, 246, 'uploads/2021-03-05T14-47-21.845Z-images (77).jpeg'),
	(163, 247, 'uploads/2021-03-05T14-48-31.370Z-images (73).jpeg'),
	(164, 248, 'uploads/2021-03-05T15-04-27.917Z-images (75).jpeg'),
	(165, 249, 'uploads/2021-03-05T15-06-27.459Z-images (74).jpeg'),
	(166, 250, 'uploads/2021-03-05T15-23-25.290Z-images (27).jpeg'),
	(167, 251, 'uploads/2021-03-05T15-24-50.429Z-images (29).jpeg'),
	(168, 252, 'uploads/2021-04-05T20-39-30.009Z-DOG DE CALABRESA.jpg'),
	(173, 258, 'uploads/2021-03-19T23-04-17.103Z-WhatsApp Image 2020-05-06 at 15.02.07.jpeg'),
	(174, 259, 'uploads/2021-03-19T23-06-34.241Z-WhatsApp Image 2020-05-06 at 15.02.07.jpeg'),
	(175, 260, 'uploads/2021-03-19T23-07-59.924Z-WhatsApp Image 2020-05-06 at 15.02.07.jpeg'),
	(176, 261, 'uploads/2021-03-19T23-09-28.023Z-WhatsApp Image 2020-05-06 at 15.02.07.jpeg'),
	(177, 262, 'uploads/2021-03-19T23-21-06.860Z-CUPUAÇU.jpg'),
	(178, 263, 'uploads/2021-03-19T23-23-18.398Z-CUPUAÇU.jpg'),
	(179, 264, 'uploads/2021-03-19T23-24-37.349Z-CUPUAÇU.jpg'),
	(180, 265, 'uploads/2021-03-19T23-26-59.139Z-CUPUAÇU.jpg'),
	(181, 266, 'uploads/2021-03-20T00-23-15.154Z-WhatsApp Image 2020-07-07 at 18.51.43.jpeg'),
	(182, 267, 'uploads/2021-03-20T00-24-27.181Z-WhatsApp Image 2020-07-07 at 18.51.43.jpeg'),
	(183, 268, 'uploads/2021-03-20T00-25-36.027Z-WhatsApp Image 2020-07-07 at 18.51.43.jpeg'),
	(184, 269, 'uploads/2021-03-20T00-27-30.676Z-WhatsApp Image 2020-07-07 at 18.51.43.jpeg'),
	(185, 270, 'uploads/2021-03-20T00-08-32.416Z-WhatsApp Image 2020-05-14 at 15.20.39.jpeg'),
	(186, 271, 'uploads/2021-03-20T00-11-08.115Z-WhatsApp Image 2020-05-14 at 15.20.39.jpeg'),
	(187, 272, 'uploads/2021-03-20T00-13-07.490Z-WhatsApp Image 2020-05-14 at 15.20.39.jpeg'),
	(188, 273, 'uploads/2021-03-20T00-14-40.397Z-WhatsApp Image 2020-05-14 at 15.20.39.jpeg'),
	(189, 274, 'uploads/2021-03-20T00-21-58.599Z-WhatsApp Image 2020-07-07 at 19.02.13.jpeg'),
	(201, 287, 'uploads/2021-04-01T20-42-14.634Z-WhatsApp Image 2021-02-01 at 11.50.30.jpeg'),
	(202, 288, 'uploads/2021-04-05T20-23-50.214Z-CEREVEJA.jpg'),
	(203, 289, 'uploads/2021-04-05T20-24-58.178Z-CHOPP.jpg'),
	(204, 290, 'uploads/2021-04-05T20-26-01.999Z-COCA.jpg'),
	(205, 291, 'uploads/2021-04-05T20-26-55.496Z-LIMONADA.jpg'),
	(206, 292, 'uploads/2021-04-05T20-27-44.654Z-SODA_AGUA COM GAS.jpg'),
	(207, 293, 'uploads/2021-04-05T20-29-46.403Z-SUCO ABACAXI.jpg'),
	(208, 294, 'uploads/2021-04-05T20-30-32.346Z-SUCO MARACUJA.jpg'),
	(209, 295, 'uploads/2021-04-05T20-31-19.308Z-SUCO MELANCIA.jpg'),
	(210, 296, 'uploads/2021-04-05T20-31-56.428Z-SUCO MELÃO.jpg'),
	(211, 297, 'uploads/2021-04-05T20-32-32.337Z-SUCO MORANGO.jpg'),
	(212, 298, 'uploads/2021-04-05T20-33-06.073Z-SUCO_LARANJA.jpg'),
	(213, 299, 'uploads/2021-04-05T20-41-16.082Z-HOT DOG.jpg'),
	(214, 300, 'uploads/2021-04-05T20-43-26.353Z-BATATA.jpg'),
	(215, 301, 'uploads/2021-04-05T20-45-18.411Z-CALABRESA.jpg'),
	(216, 302, 'uploads/2021-04-05T20-46-02.925Z-FRANGO.jpg'),
	(217, 303, 'uploads/2021-04-05T20-46-39.867Z-TILAPIA.jpg'),
	(218, 304, 'uploads/2021-04-05T20-47-25.286Z-PORÇÃO_SALGADO.jpg'),
	(219, 305, 'uploads/2021-04-05T20-52-31.469Z-FRANGO_CATUPIRY.jpg'),
	(220, 306, 'uploads/2021-04-05T20-54-02.743Z-PORTUGUESA.jpg'),
	(221, 307, 'uploads/2021-04-05T20-55-04.332Z-SHIMEJI.jpg'),
	(222, 308, 'uploads/2021-04-05T20-56-22.002Z-VEGANA.jpg'),
	(223, 309, 'uploads/2021-04-05T20-59-19.477Z-CHURRASCO.jpg'),
	(224, 310, 'uploads/2021-04-05T21-00-02.118Z-FILE CARNE.jpg'),
	(225, 311, 'uploads/2021-04-05T21-01-11.155Z-MASSA BOLOGNESA.jpg'),
	(226, 312, 'uploads/2021-04-05T21-01-54.938Z-SALMÃO.jpg'),
	(227, 313, 'uploads/2021-04-06T14-41-04.313Z-SALMÃO_LEGUMES.jpg'),
	(228, 314, 'uploads/2021-04-06T14-42-39.367Z-PANQUECA_DOCE.jpg'),
	(229, 315, 'uploads/2021-04-06T14-44-27.418Z-ESFIHAS.jpg'),
	(230, 316, 'uploads/2021-04-06T14-45-33.255Z-ESFIHA CALABRESA.jpg'),
	(232, 318, 'uploads/2021-04-23T18-18-26.609Z-download.jpg'),
	(233, 319, 'uploads/2021-04-23T18-38-41.546Z-morango.jpg'),
	(234, 320, 'uploads/2021-04-23T18-43-14.368Z-beterraba.jpg'),
	(235, 321, 'uploads/2021-04-23T18-45-38.644Z-cenoura.png'),
	(236, 322, 'uploads/2021-04-23T18-46-59.113Z-kiwi.jpg'),
	(237, 323, 'uploads/2021-04-23T18-48-35.610Z-rucula.png'),
	(238, 324, 'uploads/2021-04-25T01-56-40.689Z-IMG-20210420-WA0019.jpg'),
	(239, 325, 'uploads/2021-04-25T02-00-41.633Z-IMG-20210420-WA0016.jpg'),
	(240, 326, 'uploads/2021-04-25T02-02-29.891Z-IMG-20210420-WA0017.jpg'),
	(241, 327, 'uploads/2021-04-25T02-45-04.238Z-IMG-20210420-WA0006.jpg'),
	(242, 328, 'uploads/2021-04-25T02-45-45.599Z-IMG-20210420-WA0004.jpg'),
	(243, 329, 'uploads/2021-04-25T02-46-35.973Z-IMG-20210420-WA0003.jpg'),
	(244, 330, 'uploads/2021-04-25T02-47-17.629Z-IMG-20210420-WA0009.jpg'),
	(245, 331, 'uploads/2021-04-25T02-47-56.031Z-IMG-20210420-WA0008.jpg'),
	(246, 332, 'uploads/2021-04-25T02-48-36.023Z-IMG-20210420-WA0018.jpg'),
	(247, 333, 'uploads/2021-04-25T02-49-28.717Z-IMG-20210420-WA0012.jpg'),
	(248, 334, 'uploads/2021-04-25T02-50-24.195Z-IMG-20210420-WA0005.jpg'),
	(249, 335, 'uploads/2021-04-25T02-51-12.157Z-IMG-20210420-WA0015.jpg'),
	(250, 336, 'uploads/2021-04-25T02-51-48.798Z-IMG-20210420-WA0014.jpg'),
	(251, 338, 'uploads/2021-05-18T19-38-39.513Z-refrigerante (1).jpg'),
	(252, 339, 'uploads/2021-05-18T19-39-36.897Z-TILAPIA.jpg'),
	(253, 340, 'uploads/2021-05-18T19-40-19.078Z-peixe-frito.jpg'),
	(255, 342, 'uploads/2021-05-18T19-41-13.702Z-SUCO_LARANJA.jpg'),
	(256, 343, 'uploads/2021-05-18T19-41-54.021Z-peixe molho.jpg'),
	(257, 344, 'uploads/2021-05-18T19-42-44.112Z-FRANGO.jpg'),
	(258, 345, 'uploads/2021-05-18T19-52-30.599Z-cerveja.jpg'),
	(259, 346, 'uploads/2021-07-03T16-33-57.557Z-185754883_108903421376974_5741037237790157931_n.jpg'),
	(260, 347, 'uploads/2021-07-03T16-39-08.929Z-199259147_125256116408371_6139121530279789250_n.jpg'),
	(261, 348, 'uploads/2021-07-03T16-40-29.281Z-206427516_128114786122504_1190937562221659212_n.jpg'),
	(262, 349, 'uploads/2021-07-03T16-41-19.755Z-201167598_127780246155958_5371038877165457213_n.jpg'),
	(263, 350, 'uploads/2021-07-03T16-42-44.775Z-197371404_127780342822615_3035574164354748814_n.jpg'),
	(264, 351, 'uploads/2021-07-03T16-43-39.343Z-200546738_127780272822622_2484134922500929984_n.jpg'),
	(265, 352, 'uploads/2021-07-03T16-44-21.812Z-328d3b06-10d6-4183-998d-78ba7c7931f0.jpg'),
	(266, 353, 'uploads/2021-07-03T16-45-16.647Z-328d3b06-10d6-4183-998d-78ba7c7931f0.jpg'),
	(267, 357, 'uploads/2021-07-14T18-00-51.312Z-ic_foodtok-playstore-removebg-preview.png');
/*!40000 ALTER TABLE `imagens_produtos` ENABLE KEYS */;

-- Copiando estrutura para tabela db_foodtok.imagens_promocao
CREATE TABLE IF NOT EXISTS `imagens_promocao` (
  `imgpromoid` int(11) NOT NULL AUTO_INCREMENT,
  `promoid` int(11) NOT NULL,
  `imgpromocaminho` varchar(250) NOT NULL,
  PRIMARY KEY (`imgpromoid`),
  KEY `fk_imagens_promocao_promocoes1_idx` (`promoid`),
  CONSTRAINT `fk_imagens_promocao_promocoes1` FOREIGN KEY (`promoid`) REFERENCES `promocoes` (`promoid`) ON DELETE NO ACTION ON UPDATE NO ACTION
) ENGINE=InnoDB AUTO_INCREMENT=117 DEFAULT CHARSET=utf8;

-- Copiando dados para a tabela db_foodtok.imagens_promocao: ~8 rows (aproximadamente)
/*!40000 ALTER TABLE `imagens_promocao` DISABLE KEYS */;
INSERT INTO `imagens_promocao` (`imgpromoid`, `promoid`, `imgpromocaminho`) VALUES
	(109, 212, 'uploads/2021-04-06T14-19-50.942Z-REFRI_LANCHE.jpg'),
	(110, 213, 'uploads/2021-04-06T14-22-02.536Z-CARNE.jpg'),
	(111, 214, 'uploads/2021-04-06T19-09-38.100Z-SUCO VERDE_LANCHE NATURAL.jpg'),
	(112, 215, 'uploads/2021-04-06T14-25-10.765Z-PORÇÃO_CERVEJA_FRANGO.jpg'),
	(113, 216, 'uploads/2021-04-06T14-29-54.379Z-COMBO ESFIHAS.jpg'),
	(114, 217, 'uploads/2021-04-06T14-38-55.642Z-LANCHE COM BATATA.jpg'),
	(115, 218, 'uploads/2021-05-18T19-58-19.618Z-PORÇÃO_CERVEJA.jpg'),
	(116, 219, 'uploads/2021-07-14T18-03-41.483Z-ic_foodtok-playstore.png');
/*!40000 ALTER TABLE `imagens_promocao` ENABLE KEYS */;

-- Copiando estrutura para tabela db_foodtok.itens_pedido
CREATE TABLE IF NOT EXISTS `itens_pedido` (
  `ite_ped_id` int(11) NOT NULL AUTO_INCREMENT,
  `pedid` int(11) DEFAULT NULL,
  `prodid` int(11) DEFAULT NULL,
  `promoid` int(11) DEFAULT NULL,
  `ite_qtde` decimal(10,2) DEFAULT NULL,
  `ite_valor_total` decimal(10,2) DEFAULT NULL,
  PRIMARY KEY (`ite_ped_id`)
) ENGINE=InnoDB AUTO_INCREMENT=212 DEFAULT CHARSET=utf8;

-- Copiando dados para a tabela db_foodtok.itens_pedido: ~168 rows (aproximadamente)
/*!40000 ALTER TABLE `itens_pedido` DISABLE KEYS */;
INSERT INTO `itens_pedido` (`ite_ped_id`, `pedid`, `prodid`, `promoid`, `ite_qtde`, `ite_valor_total`) VALUES
	(44, 16, NULL, 197, 1.00, 90.00),
	(45, 16, 242, NULL, 1.00, 33.00),
	(46, 16, 108, NULL, 0.50, 45.00),
	(47, 16, 109, NULL, 0.50, 45.00),
	(48, 17, NULL, 197, 1.00, 90.00),
	(49, 17, 242, NULL, 1.00, 33.00),
	(50, 17, 108, NULL, 0.50, 45.00),
	(51, 17, 109, NULL, 0.50, 45.00),
	(52, 18, NULL, 197, 1.00, 90.00),
	(53, 18, 242, NULL, 1.00, 33.00),
	(54, 18, 108, NULL, 0.50, 45.00),
	(55, 18, 109, NULL, 0.50, 45.00),
	(56, 19, NULL, 197, 2.00, 180.00),
	(57, 19, 110, NULL, 2.00, 41.00),
	(58, 19, 242, NULL, 1.00, 33.00),
	(59, 19, 108, NULL, 0.50, 45.00),
	(60, 19, 109, NULL, 0.50, 45.00),
	(61, 20, 110, NULL, 2.00, 41.00),
	(62, 20, 243, NULL, 1.00, 18.00),
	(63, 20, NULL, 205, 1.00, 80.00),
	(64, 20, 108, NULL, 0.50, 45.00),
	(65, 20, 109, NULL, 0.50, 45.00),
	(66, 21, NULL, 197, 1.00, 90.00),
	(67, 21, 110, NULL, 2.00, 41.00),
	(68, 21, 242, NULL, 1.00, 33.00),
	(69, 21, 108, NULL, 0.50, 45.00),
	(70, 21, 109, NULL, 0.50, 45.00),
	(71, 22, 287, NULL, 2.00, 10.00),
	(72, 23, 318, NULL, 1.00, 2.50),
	(73, 24, 324, NULL, 2.00, 24.00),
	(74, 25, 324, NULL, 2.00, 24.00),
	(75, 26, 334, NULL, 3.00, 36.00),
	(76, 26, 336, NULL, 3.00, 36.00),
	(77, 26, 335, NULL, 1.00, 12.00),
	(78, 26, 332, NULL, 1.00, 12.00),
	(79, 26, 328, NULL, 1.00, 12.00),
	(80, 26, 325, NULL, 1.00, 12.00),
	(81, 27, NULL, 212, 2.00, 40.00),
	(82, 27, 244, NULL, 1.00, 20.00),
	(83, 27, 108, NULL, 0.50, 14.50),
	(84, 27, 305, NULL, 0.50, 14.50),
	(85, 28, NULL, 212, 2.00, 40.00),
	(86, 28, 244, NULL, 1.00, 20.00),
	(87, 28, 108, NULL, 0.50, 14.50),
	(88, 28, 305, NULL, 0.50, 14.50),
	(89, 29, NULL, 212, 2.00, 40.00),
	(90, 29, 244, NULL, 1.00, 20.00),
	(91, 29, 108, NULL, 0.50, 14.50),
	(92, 29, 305, NULL, 0.50, 14.50),
	(93, 30, NULL, 212, 2.00, 40.00),
	(94, 30, 244, NULL, 1.00, 20.00),
	(95, 30, 108, NULL, 0.50, 14.50),
	(96, 30, 305, NULL, 0.50, 14.50),
	(97, 31, NULL, 212, 2.00, 40.00),
	(98, 31, 244, NULL, 1.00, 20.00),
	(99, 31, 108, NULL, 0.50, 14.50),
	(100, 31, 305, NULL, 0.50, 14.50),
	(101, 32, NULL, 213, 1.00, 39.00),
	(102, 32, 289, NULL, 2.00, 24.00),
	(103, 33, NULL, 213, 1.00, 39.00),
	(104, 33, 289, NULL, 2.00, 24.00),
	(105, 34, NULL, 213, 1.00, 39.00),
	(106, 34, 289, NULL, 2.00, 24.00),
	(107, 35, NULL, 213, 1.00, 39.00),
	(108, 35, 289, NULL, 2.00, 24.00),
	(109, 36, NULL, 212, 1.00, 20.00),
	(110, 36, 309, NULL, 2.00, 32.00),
	(111, 36, 243, NULL, 1.00, 18.00),
	(112, 37, NULL, 212, 2.00, 40.00),
	(113, 37, 289, NULL, 5.00, 60.00),
	(114, 38, NULL, 212, 2.00, 40.00),
	(115, 38, 289, NULL, 5.00, 60.00),
	(116, 39, NULL, 212, 2.00, 40.00),
	(117, 39, 289, NULL, 5.00, 60.00),
	(118, 40, NULL, 212, 2.00, 40.00),
	(119, 40, 310, NULL, 2.00, 26.00),
	(120, 41, NULL, 214, 1.00, 18.00),
	(121, 42, NULL, 212, 2.00, 40.00),
	(122, 42, 244, NULL, 1.00, 20.00),
	(123, 42, 289, NULL, 5.00, 60.00),
	(124, 43, NULL, 213, 1.00, 39.00),
	(125, 43, 289, NULL, 2.00, 24.00),
	(126, 44, NULL, 213, 2.00, 78.00),
	(127, 45, NULL, 214, 1.00, 18.00),
	(128, 45, NULL, 213, 1.00, 39.00),
	(129, 46, NULL, 212, 1.00, 20.00),
	(130, 47, NULL, 212, 2.00, 40.00),
	(131, 48, NULL, 214, 1.00, 18.00),
	(132, 49, NULL, 212, 1.00, 20.00),
	(133, 50, NULL, 212, 1.00, 20.00),
	(134, 51, NULL, 212, 1.00, 20.00),
	(135, 52, NULL, 212, 1.00, 20.00),
	(136, 53, NULL, 212, 1.00, 20.00),
	(137, 53, NULL, 216, 1.00, 39.00),
	(138, 53, 289, NULL, 3.00, 36.00),
	(139, 54, NULL, 213, 1.00, 39.00),
	(140, 54, 289, NULL, 2.00, 24.00),
	(141, 55, NULL, 214, 2.00, 36.00),
	(142, 56, 294, NULL, 2.00, 16.00),
	(143, 56, 244, NULL, 2.00, 40.00),
	(144, 57, NULL, 218, 2.00, 110.00),
	(145, 57, 342, NULL, 1.00, 9.00),
	(146, 57, 339, NULL, 0.50, 20.00),
	(147, 57, 344, NULL, 0.50, 25.00),
	(148, 58, 338, NULL, 2.00, 24.00),
	(149, 58, 342, NULL, 1.00, 7.00),
	(150, 58, 340, NULL, 1.00, 31.00),
	(151, 59, NULL, 218, 1.00, 55.00),
	(152, 59, 342, NULL, 3.00, 21.00),
	(153, 59, 339, NULL, 0.50, 20.00),
	(154, 59, 344, NULL, 0.50, 25.00),
	(155, 60, NULL, 218, 1.00, 55.00),
	(156, 60, 342, NULL, 3.00, 21.00),
	(157, 60, 339, NULL, 0.50, 20.00),
	(158, 60, 344, NULL, 0.50, 25.00),
	(159, 61, NULL, 218, 1.00, 55.00),
	(160, 61, 342, NULL, 2.00, 18.00),
	(161, 61, 339, NULL, 0.50, 20.00),
	(162, 61, 344, NULL, 0.50, 25.00),
	(163, 62, 342, NULL, 2.00, 18.00),
	(164, 62, NULL, 218, 1.00, 55.00),
	(165, 62, 339, NULL, 0.50, 20.00),
	(166, 62, 344, NULL, 0.50, 25.00),
	(167, 63, NULL, 218, 1.00, 55.00),
	(168, 63, 342, NULL, 2.00, 18.00),
	(169, 63, 339, NULL, 0.50, 20.00),
	(170, 63, 344, NULL, 0.50, 25.00),
	(171, 64, NULL, 212, 1.00, 20.00),
	(172, 64, NULL, 214, 1.00, 18.00),
	(173, 64, 310, NULL, 1.00, 16.00),
	(174, 64, 244, NULL, 1.00, 19.00),
	(175, 65, NULL, 213, 10.00, 390.00),
	(176, 66, NULL, 219, 1.00, 20.00),
	(177, 67, NULL, 219, 1.00, 20.00),
	(178, 68, NULL, 219, 1.00, 20.00),
	(179, 69, NULL, 219, 1.00, 20.00),
	(180, 70, NULL, 219, 2.00, 40.00),
	(181, 71, NULL, 219, 1.00, 20.00),
	(182, 72, NULL, 219, 1.00, 20.00),
	(183, 73, NULL, 219, 1.00, 20.00),
	(184, 74, NULL, 219, 1.00, 20.00),
	(185, 75, NULL, 219, 1.00, 20.00),
	(186, 76, NULL, 219, 1.00, 20.00),
	(187, 77, NULL, 219, 1.00, 20.00),
	(188, 78, NULL, 219, 1.00, 20.00),
	(189, 79, NULL, 219, 1.00, 20.00),
	(190, 80, NULL, 219, 1.00, 20.00),
	(191, 81, NULL, 219, 1.00, 20.00),
	(192, 82, NULL, 219, 1.00, 20.00),
	(193, 83, NULL, 219, 1.00, 20.00),
	(194, 84, NULL, 219, 1.00, 20.00),
	(195, 85, 356, NULL, 1.00, 1800.00),
	(196, 86, NULL, 219, 1.00, 20.00),
	(197, 87, NULL, 219, 1.00, 20.00),
	(198, 88, NULL, 219, 1.00, 20.00),
	(199, 89, NULL, 219, 1.00, 20.00),
	(200, 90, NULL, 219, 1.00, 20.00),
	(201, 91, NULL, 219, 1.00, 20.00),
	(202, 92, NULL, 219, 1.00, 20.00),
	(203, 93, NULL, 219, 1.00, 20.00),
	(204, 94, NULL, 219, 1.00, 20.00),
	(205, 95, NULL, 219, 1.00, 20.00),
	(206, 96, NULL, 219, 1.00, 20.00),
	(207, 97, NULL, 219, 1.00, 20.00),
	(208, 98, 356, NULL, 1.00, 1802.00),
	(209, 98, NULL, 219, 1.00, 20.00),
	(210, 99, NULL, 219, 1.00, 20.00),
	(211, 100, NULL, 219, 1.00, 20.00);
/*!40000 ALTER TABLE `itens_pedido` ENABLE KEYS */;

-- Copiando estrutura para tabela db_foodtok.lojas
CREATE TABLE IF NOT EXISTS `lojas` (
  `lojid` int(11) NOT NULL AUTO_INCREMENT,
  `usuid` int(11) NOT NULL,
  `venid` int(11) DEFAULT NULL,
  `lojnomeempresa` varchar(100) DEFAULT NULL,
  `lojcpf` varchar(11) DEFAULT NULL,
  `lojcnpj` varchar(14) DEFAULT NULL,
  `lojtelefone` varchar(11) DEFAULT NULL,
  `lojurl` varchar(50) DEFAULT NULL,
  `lojtaxaentrega` decimal(10,2) DEFAULT 0.00,
  `lojtempomin` int(11) DEFAULT 0,
  `lojtempomax` int(11) DEFAULT 0,
  `status` int(11) DEFAULT 1,
  `lojlogo` varchar(250) DEFAULT NULL,
  `lojmsginicial` varchar(100) DEFAULT NULL,
  `lojmsgfinal` varchar(100) DEFAULT NULL,
  `lojcod` int(11) DEFAULT NULL,
  PRIMARY KEY (`lojid`),
  KEY `fk_lojas_vendedores1_idx` (`venid`),
  KEY `fk_lojas_usuarios1_idx` (`usuid`),
  CONSTRAINT `fk_lojas_usuarios1` FOREIGN KEY (`usuid`) REFERENCES `usuarios` (`usuid`) ON DELETE NO ACTION ON UPDATE NO ACTION,
  CONSTRAINT `fk_lojas_vendedores1` FOREIGN KEY (`venid`) REFERENCES `vendedores` (`venid`) ON DELETE NO ACTION ON UPDATE NO ACTION
) ENGINE=InnoDB AUTO_INCREMENT=94 DEFAULT CHARSET=utf8;

-- Copiando dados para a tabela db_foodtok.lojas: ~31 rows (aproximadamente)
/*!40000 ALTER TABLE `lojas` DISABLE KEYS */;
INSERT INTO `lojas` (`lojid`, `usuid`, `venid`, `lojnomeempresa`, `lojcpf`, `lojcnpj`, `lojtelefone`, `lojurl`, `lojtaxaentrega`, `lojtempomin`, `lojtempomax`, `status`, `lojlogo`, `lojmsginicial`, `lojmsgfinal`, `lojcod`) VALUES
	(11, 18, 14, 'Cardápio Demonstrativo', '', '32333764000195', '11111111111', 'cardapiodemo', 5.00, 30, 50, 1, 'uploads/2021-02-16T19-58-27.783Z-0000000 logobr.png', 'Obrigada por pedir conosco!', 'Continuaremos o atendimento por meio desta conversa', 60534),
	(35, 49, 45, 'FoodTok', '21880005875', '', '11989616831', 'foodtok', 3.00, 15, 25, 1, 'uploads/2021-02-09T12-04-22.624Z-logo-tanca.jpg', 'Obrigada por pedir conosco', 'Continuaremos o atendimento por meio desta conversa', NULL),
	(50, 64, 60, 'Delicia de Acai', '', '23705088000142', '16997447214', 'deliciadeacai', 5.00, 0, 0, 1, NULL, 'Obrigada por pedir conosco', 'Continuaremos o atendimento por meio desta conversa', NULL),
	(51, 65, 61, 'Kero Mais Esfihas', '04212618974', '', '43998204910', 'keromaisesfihas', 2.00, 50, 60, 1, 'uploads/2021-02-15T23-27-31.458Z-Polish_20200919_142749101.png', 'Obrigada por pedir conosco', 'Continuaremos o atendimento por meio desta conversa', NULL),
	(52, 66, 62, 'KANEKA\\\'S BURGUER', '06967794639', '32116015000106', '38998685859', 'kanekasburguer', 0.00, 0, 0, 1, NULL, 'Obrigada por pedir conosco', 'Continuaremos o atendimento por meio desta conversa', NULL),
	(53, 67, 63, 'Pizzas Avenida', '11579607748', '', '21968240550', 'pizzasavenida', 0.00, 0, 0, 1, NULL, 'Obrigada por pedir conosco', 'Continuaremos o atendimento por meio desta conversa', NULL),
	(57, 71, 67, 'Donna Trufa', '42975959826', '', '18996608715', 'donnatrufa', 0.00, 0, 0, 1, 'uploads/2021-02-17T21-28-05.569Z-logo2_11_17109.png', 'Obrigada por pedir conosco', 'Continuaremos o atendimento por meio desta conversa', NULL),
	(60, 74, 70, 'Delicias do PaPyTo', '12400747865', '', '11960233536', 'deliciasdopapyto', 0.00, 0, 0, 1, 'uploads/2021-02-19T00-16-07.351Z-Logo Papyto PNG.png', 'Olá, retornaremos para você em instantes. ', 'Obrigado por nos contatar.', NULL),
	(64, 78, 74, 'Pizzaria cidade nova', '05287886713', '', '22992138222', 'pizzariacidadenova', 0.00, 40, 50, 1, 'uploads/2021-02-24T16-48-50.948Z-images (57).jpeg', 'Seja bem vindo a pizzaria cidade nova', 'Obrigada por escolher nossa pizzaria', NULL),
	(65, 79, 75, 'Ta no forno', '', '39636479000192', '51980195169', 'tanoforno', 0.00, 0, 0, 1, NULL, 'Obrigada por pedir conosco', 'Continuaremos o atendimento por meio desta conversa', NULL),
	(66, 80, 76, 'Meu Doce Gourmet', '27073184850', '', '18997243677', 'meudocegourmet', 0.00, 0, 0, 1, 'uploads/2021-02-27T10-40-39.388Z-IMG-20201109-WA0100~2.jpg', 'Obrigada por pedir conosco', 'Continuaremos o atendimento por meio desta conversa', NULL),
	(69, 83, 79, 'Manias lanches', '09415693738', '', '21975958380', 'maniaslanches', 4.00, 25, 55, 1, 'uploads/2021-03-10T09-24-07.930Z-FB_IMG_1568660162125.jpg', 'Obrigada por pedir conosco', 'Continuaremos o atendimento por meio desta conversa', NULL),
	(70, 84, 80, 'Pizzabrazola ', '05632599140', '', '61992188080', 'pizzabrazola', 0.00, 0, 0, 1, NULL, 'Obrigada por pedir conosco', 'Continuaremos o atendimento por meio desta conversa', NULL),
	(71, 85, 81, 'Red Black', '02570151165', '', '17996354526', 'redblack', 0.00, 0, 0, 1, NULL, 'Obrigada por pedir conosco', 'Continuaremos o atendimento por meio desta conversa', NULL),
	(73, 87, 83, 'açai sabores', '', '12695273000187', '11968098740', 'acaisabores', 0.00, 30, 60, 1, 'uploads/2021-03-13T17-21-55.974Z-SavedImage_20210313_141831_02.jpg', 'Obrigada por pedir conosco', 'Continuaremos o atendimento por meio desta conversa', NULL),
	(74, 88, 84, 'Samara Pastéis ', '35474245858', '', '11948996356', 'samarapasteis', 0.00, 0, 0, 1, NULL, 'Obrigada por pedir conosco', 'Continuaremos o atendimento por meio desta conversa', NULL),
	(75, 89, 85, 'Aladdin pizzaria ', '27754100819', '', '13996856141', 'aladdinpizzaria', 0.00, 45, 90, 1, NULL, 'Obrigada por pedir conosco', 'Continuaremos o atendimento por meio desta conversa', NULL),
	(76, 90, 86, 'Marques pizzaria ', '15593828806', '', '11954121364', 'marquespizzaria', 0.00, 0, 0, 1, NULL, 'Obrigada por pedir conosco', 'Continuaremos o atendimento por meio desta conversa', NULL),
	(77, 91, 87, 'Tempero Caseiro', '98382888020', '', '55997147008', 'temperocaseiro', 0.00, 0, 0, 1, NULL, 'Obrigada por pedir conosco', 'Continuaremos o atendimento por meio desta conversa', NULL),
	(78, 92, 88, 'Hot Pizza Delivery', '16210144799', '', '21967785678', 'hotpizzadelivery', 0.00, 40, 90, 1, 'uploads/2021-03-18T19-06-53.901Z-WhatsApp Image 2020-10-23 at 12.18.57.jpeg', 'Hot Pizza Delivery Agradece seu contato, segue abaixo o cardápio', 'Continuaremos o atendimento por meio desta conversa', NULL),
	(82, 96, 92, 'DSK Informatica', '', '27944417000169', '11999684525', 'dskinformatica', 0.00, 0, 0, 1, NULL, 'Obrigada por pedir conosco', 'Continuaremos o atendimento por meio desta conversa', NULL),
	(84, 98, 94, 'MARIANO PIZZAS ', '', '30270993000182', '18996028474', 'marianopizzas', 4.00, 0, 0, 1, 'uploads/2021-04-20T01-56-03.188Z-FB_IMG_1614542536809.jpg', 'Boa noite , seja bem vindo será um prazer atendê-los ', 'Deus abençoe, obrigado pela preferência ', NULL),
	(85, 99, 95, 'TID\'S Distribuidora', '19912454839', '', '12996501834', 'tidsdistribuidora', 0.00, 0, 0, 1, 'uploads/2021-04-25T02-53-45.506Z-eb59b5fc96f560f061dc24009f9075da.jpg', 'Obrigada por realizar seu pedido com a TID\'S Distribuidora', 'Continuaremos o atendimento por meio desta conversa', NULL),
	(86, 100, 96, 'Pizzaria colinas', '59214929220', '', '94992035864', 'pizzariacolinas', 0.00, 0, 0, 1, 'uploads/2021-05-11T22-30-01.654Z-IMG-20210509-WA0059.jpg', 'Boa noite em que posso servi-lo?', 'Obrigado pela preferência, deus abençoe', NULL),
	(87, 101, 97, 'Tectectec', '', '32333764000195', '11949849869', 'tectectec', 0.00, 0, 0, 1, NULL, 'Obrigada por pedir conosco', 'Continuaremos o atendimento por meio desta conversa', 99779),
	(88, 102, 98, 'Empresa de Alimentos', '37869058866', '', '18981842531', 'empresadealimentos', 5.00, 30, 90, 1, 'uploads/2021-05-18T18-34-20.605Z-LOGO.png', 'Obrigada por pedir conosco', 'Continuaremos o atendimento por meio desta conversa', 15974),
	(89, 103, 99, 'sabor e arte ', '', '38238306000153', '18320305455', 'saborearte', 0.00, 0, 0, 1, NULL, 'Obrigada por pedir conosco', 'Continuaremos o atendimento por meio desta conversa', 96532),
	(90, 104, 100, 'Alema\'s Pizzas', '', '16888057000109', '11951313587', 'alemaspizza', 0.00, 0, 0, 1, 'uploads/2021-06-01T18-16-29.306Z-IMG-20210601-WA0026.jpg', 'Obrigada por pedir conosco', 'Continuaremos o atendimento por meio desta conversa', 61969),
	(91, 105, 101, 'Stop Pizza Delivery', '', '33755164000188', '18996301984', 'stoppizzadelivery', 0.00, 40, 90, 1, 'uploads/2021-07-03T16-22-44.241Z-FB_IMG_1625329352970.jpg', 'Obrigada por pedir com Stop Pizza! ', 'Continuaremos o atendimento por meio desta conversa, tenha uma ótima refeição!', 75075),
	(92, 106, 102, 'Loja Do Mateus', '33431901875', '', '18981483133', 'lojadomateus', 0.00, 0, 0, 0, NULL, 'Obrigada por pedir conosco', 'Continuaremos o atendimento por meio desta conversa', 31345),
	(93, 107, 103, 'TesteTanca', '44650569826', '', '18991133302', 'testetanca', 8.00, 0, 0, 1, 'uploads/2021-07-26T20-30-51.129Z-download.png', 'Obrigada por pedir conosco', 'Continuaremos o atendimento por meio desta conversa', 19110);
/*!40000 ALTER TABLE `lojas` ENABLE KEYS */;

-- Copiando estrutura para tabela db_foodtok.pedidos
CREATE TABLE IF NOT EXISTS `pedidos` (
  `pedid` int(11) NOT NULL AUTO_INCREMENT,
  `lojid` int(11) DEFAULT NULL,
  `ped_forma_pgto` varchar(45) DEFAULT NULL,
  `ped_nome_cliente` varchar(45) DEFAULT NULL,
  `ped_end_logradouro` varchar(255) DEFAULT NULL,
  `ped_end_num` int(11) DEFAULT NULL,
  `ped_end_bairro` varchar(80) DEFAULT NULL,
  `ped_end_cidade` varchar(100) DEFAULT NULL,
  `ped_telefone` varchar(11) DEFAULT NULL,
  `ped_data` date DEFAULT NULL,
  `ped_hora` time DEFAULT NULL,
  `ped_cod` int(11) DEFAULT NULL,
  `ped_string` varchar(1000) DEFAULT NULL,
  `ped_flag_impressao` int(11) DEFAULT NULL,
  PRIMARY KEY (`pedid`),
  KEY `fk_table1_lojas1_idx` (`lojid`),
  CONSTRAINT `fk_table1_lojas1` FOREIGN KEY (`lojid`) REFERENCES `lojas` (`lojid`) ON DELETE NO ACTION ON UPDATE NO ACTION
) ENGINE=InnoDB AUTO_INCREMENT=101 DEFAULT CHARSET=utf8;

-- Copiando dados para a tabela db_foodtok.pedidos: ~51 rows (aproximadamente)
/*!40000 ALTER TABLE `pedidos` DISABLE KEYS */;
INSERT INTO `pedidos` (`pedid`, `lojid`, `ped_forma_pgto`, `ped_nome_cliente`, `ped_end_logradouro`, `ped_end_num`, `ped_end_bairro`, `ped_end_cidade`, `ped_telefone`, `ped_data`, `ped_hora`, `ped_cod`, `ped_string`, `ped_flag_impressao`) VALUES
	(22, 82, 'Dinheiro', 'Dennis', 'tter werwrwer', 33, 'jopwejoiwej io wer', 'dwerwe', '11992139060', '2021-04-01', '17:53:00', 1, 'Número Pedido: 21.  # ============================= # ,NOME:  Mateus # ,TELEFONE:  (18)98148-3133 # ,ENDEREÇO:  voyvbyovoyvy # ,NUM:  32121 # ,BAIRRO:  buyvbyv # ,CIDADE:  yvyuoyv # ,============================= # ,PRODUTOS: #  # , 1 - Levinho  # ,  # ,============================= # ,TOTAL:  R$ 18,00 # ,PAGAMENTO:  Dinheiro # ,Obs:  fsfd # , # ============================= # ', 1),
	(25, 85, 'Dinheiro', 'Fábio', 'Rua ', 0, 'Centro', 'Cruzeiro', '12988050627', '2021-04-24', '23:23:00', 3, 'Número Pedido: 21.  # ============================= # ,NOME:  Mateus # ,TELEFONE:  (18)98148-3133 # ,ENDEREÇO:  voyvbyovoyvy # ,NUM:  32121 # ,BAIRRO:  buyvbyv # ,CIDADE:  yvyuoyv # ,============================= # ,PRODUTOS: #  # , 1 - Levinho  # ,  # ,============================= # ,TOTAL:  R$ 18,00 # ,PAGAMENTO:  Dinheiro # ,Obs:  fsfd # , # ============================= # ', 1),
	(26, 85, 'Dinheiro', 'Adega do Breno', 'Alameda Sami Haddad', 100, 'Sami Haddad', 'Cruzeiro', '12996342094', '2021-04-25', '00:09:00', 4, 'Número Pedido: 21.  # ============================= # ,NOME:  Mateus # ,TELEFONE:  (18)98148-3133 # ,ENDEREÇO:  voyvbyovoyvy # ,NUM:  32121 # ,BAIRRO:  buyvbyv # ,CIDADE:  yvyuoyv # ,============================= # ,PRODUTOS: #  # , 1 - Levinho  # ,  # ,============================= # ,TOTAL:  R$ 18,00 # ,PAGAMENTO:  Dinheiro # ,Obs:  fsfd # , # ============================= # ', 0),
	(53, 11, 'Dinheiro', 'Talita Sanchez', 'Rua Lorem Ipsum', 123, 'Jd. Online', 'Digital', '18981842531', '2021-05-18', '12:22:00', 1, 'Número Pedido: 1.  # ============================= # ,NOME:  Talita Sanchez # ,TELEFONE:  (18)98184-2531 # ,ENDEREÇO:  Rua Lorem Ipsum # ,NUM:  123 # ,BAIRRO:  Jd. Online # ,CIDADE:  Digital # ,============================= # ,PRODUTOS: #  # , 1 - Dupla Dinâmica  # ,  # ,Obs.  Sem Tomate  #  # , 1 - Combo Esfihas  # ,  # ,Obs.  Sem alho  #  # , 3 - Caneca de Chopp  # ,  # ,Obs.  Gelada  #  # ,============================= # ,TOTAL:  R$ 95,00 # ,PAGAMENTO:  Dinheiro # ,Obs:  Troco para 100,00 # , # ============================= # ', 1),
	(54, 11, 'Dinheiro', 'Talita Sanchez', 'Rua Sem Obs', 123, 'Online', 'Digital', '18888888888', '2021-05-18', '12:30:00', 2, 'Número Pedido: 2.  # ============================= # ,NOME:  Talita Sanchez # ,TELEFONE:  (18)88888-8888 # ,ENDEREÇO:  Rua Sem Obs # ,NUM:  123 # ,BAIRRO:  Online # ,CIDADE:  Digital # ,============================= # ,PRODUTOS: #  # , 1 - Porção Filé e Batata  # ,  # , 2 - Caneca de Chopp  # ,  # ,============================= # ,TOTAL:  R$ 63,00 # ,PAGAMENTO:  Dinheiro # , # ============================= # ', 1),
	(55, 11, 'Dinheiro', 'Talita Exigente da Silva', 'Rua Lorem Ipsum', 123, 'Jd Online', 'Digital', '18999999999', '2021-05-18', '14:10:00', 6289, 'Número Pedido: 3.  # ============================= # ,NOME:  Talita Exigente da Silva # ,TELEFONE:  (18)99999-9999 # ,ENDEREÇO:  Rua Lorem Ipsum # ,NUM:  123 # ,BAIRRO:  Jd Online # ,CIDADE:  Digital # ,============================= # ,PRODUTOS: #  # , 2 - Levinho  # ,  # ,Obs.  Capricha no alface  #  # ,============================= # ,TOTAL:  R$ 36,00 # ,PAGAMENTO:  Dinheiro # , # ============================= # ', 1),
	(56, 11, 'Dinheiro', 'Nome do cliente', 'Rua Endereço do cliente', 123, 'Jd. Online', 'Digital', '12312312313', '2021-05-18', '14:27:00', 4, 'Número Pedido: 4.  # ============================= # ,NOME:  Nome do cliente # ,TELEFONE:  (12)31231-2313 # ,ENDEREÇO:  Rua Endereço do cliente # ,NUM:  123 # ,BAIRRO:  Jd. Online # ,CIDADE:  Digital # ,============================= # ,PRODUTOS: #  # , 2 - Suco de Maracujá  # ,  # , 2 - X-Bacon + Mussarela  # ,  # ,Obs.  Sem tomate  #  # ,============================= # ,TOTAL:  R$ 56,00 # ,PAGAMENTO:  Dinheiro # ,Obs:  Troco para 150,00 # , # ============================= # ', 1),
	(57, 88, 'Pix - 123465889', 'Nome Cliente', 'Rua Endereço do Cliente', 123, 'Jd. Online', 'Digital', '18165164511', '2021-05-18', '17:03:00', 1, 'Número Pedido: 1.  # ============================= # ,NOME:  Nome Cliente # ,TELEFONE:  (18)16516-4511 # ,ENDEREÇO:  Rua Endereço do Cliente # ,NUM:  123 # ,BAIRRO:  Jd. Online # ,CIDADE:  Digital # ,============================= # ,PRODUTOS: #  # , 2 - Porção + Cerveja  # ,  # , 1 - Suco de Fruta + Gelo  # ,  # ,Obs.  Coado   #  # , 1 - Porções com: meio Tilápia e meio Frango Empanado  # ,  # ,Obs.     #  # ,============================= # ,TOTAL:  R$ 164,00 # ,PAGAMENTO:  Pix - 123465889 # , # ============================= # ', 0),
	(58, 88, 'Dinheiro', 'Daniel', 'Rua Marmelo', 111, 'Jaracanda', 'Assis', '18032224293', '2021-05-18', '17:10:00', 2, 'Número Pedido: 2.  # ============================= # ,NOME:  Daniel # ,TELEFONE:  (18)03222-4293 # ,ENDEREÇO:  Rua Marmelo # ,NUM:  111 # ,BAIRRO:  Jaracanda # ,CIDADE:  Assis # ,============================= # ,PRODUTOS: #  # , 2 - Refrigerante + Gelo  # ,  # , 1 - Suco de Fruta  # ,  # , 1 - Frito + Molho Mostarda  # ,  # ,============================= # ,TOTAL:  R$ 62,00 # ,PAGAMENTO:  Dinheiro # ,Obs:  troco para R$100 # , # ============================= # ', 0),
	(59, 88, 'Dinheiro', 'Dan', 'Rua marechal Floriano Peixoto ', 166, 'Centro ', 'Assis ', '18032224293', '2021-05-18', '17:17:00', 3, 'Número Pedido: 3.  # ============================= # ,NOME:  Dan # ,TELEFONE:  (18)03222-4293 # ,ENDEREÇO:  Rua marechal Floriano Peixoto  # ,NUM:  166 # ,BAIRRO:  Centro  # ,CIDADE:  Assis  # ,============================= # ,PRODUTOS: #  # , 1 - Porção + Cerveja  # ,  # , 3 - Suco de Fruta  # ,  # , 1 - Porções com: meio Tilápia e meio Frango Empanado  # ,  # ,Obs.     #  # ,============================= # ,TOTAL:  R$ 121,00 # ,PAGAMENTO:  Dinheiro # ,Obs:  Nota de R$200 # , # ============================= # ', 0),
	(60, 88, 'Dinheiro', 'Dan', 'Rua marechal Floriano Peixoto ', 166, 'Centro ', 'Assis ', '18032222493', '2021-05-18', '17:21:00', 4, 'Número Pedido: 4.  # ============================= # ,NOME:  Dan # ,TELEFONE:  (18)03222-2493 # ,ENDEREÇO:  Rua marechal Floriano Peixoto  # ,NUM:  166 # ,BAIRRO:  Centro  # ,CIDADE:  Assis  # ,============================= # ,PRODUTOS: #  # , 1 - Porção + Cerveja  # ,  # , 3 - Suco de Fruta  # ,  # , 1 - Porções com: meio Tilápia e meio Frango Empanado  # ,  # ,Obs.     #  # ,============================= # ,TOTAL:  R$ 121,00 # ,PAGAMENTO:  Dinheiro # , # ============================= # ', 1),
	(61, 88, 'Dinheiro', 'Dani', 'Rua Marmelo', 111, 'Vila Madalena', 'Assis', '18032223252', '2021-05-19', '08:31:00', 5, 'Número Pedido: 5.  # ============================= # ,NOME:  Dani # ,TELEFONE:  (18)03222-3252 # ,ENDEREÇO:  Rua Marmelo # ,NUM:  111 # ,BAIRRO:  Vila Madalena # ,CIDADE:  Assis # ,============================= # ,PRODUTOS: #  # , 1 - Porção + Cerveja  # ,  # , 1 - Porções com: meio Tilápia e meio Frango Empanado  # ,  # ,Obs.     #  # , 2 - Suco de Fruta + Gelo  # ,  # ,Obs.  Sem açúcar  #  # ,============================= # ,TOTAL:  R$ 118,00 # ,PAGAMENTO:  Dinheiro # ,Obs:  Troco para R$ 150,00 # , # ============================= # ', 0),
	(62, 88, 'Dinheiro', 'Dani', 'Rua Marmelo', 111, 'Vila Madalena', 'Assis', '18032223534', '2021-05-19', '08:38:00', 6, 'Número Pedido: 6.  # ============================= # ,NOME:  Dani # ,TELEFONE:  (18)03222-3534 # ,ENDEREÇO:  Rua Marmelo # ,NUM:  111 # ,BAIRRO:  Vila Madalena # ,CIDADE:  Assis # ,============================= # ,PRODUTOS: #  # , 1 - Porções com: meio Tilápia e meio Frango Empanado  # ,  # ,Obs.     #  # , 2 - Suco de Fruta + Gelo  # ,  # ,Obs.  Sem açúcar  #  # , 1 - Porção + Cerveja  # ,  # ,============================= # ,TOTAL:  R$ 118,00 # ,PAGAMENTO:  Dinheiro # ,Obs:  Troco para R$ 150,00 # , # ============================= # ', 0),
	(63, 88, 'Dinheiro', 'Dani', 'Rua Marmelo', 111, 'Vila Madalena', 'Assis', '18032252421', '2021-05-19', '08:44:00', 7, 'Número Pedido: 7.  # ============================= # ,NOME:  Dani # ,TELEFONE:  (18)03225-2421 # ,ENDEREÇO:  Rua Marmelo # ,NUM:  111 # ,BAIRRO:  Vila Madalena # ,CIDADE:  Assis # ,============================= # ,PRODUTOS: #  # , 1 - Porção + Cerveja  # ,  # , 2 - Suco de Fruta + Gelo  # ,  # ,Obs.  Sem açúcar  #  # , 1 - Porções com: meio Tilápia e meio Frango Empanado  # ,  # ,Obs.     #  # ,============================= # ,TOTAL:  R$ 118,00 # ,PAGAMENTO:  Dinheiro # ,Obs:  Troco para R$ 150,00 # , # ============================= # ', 0),
	(64, 11, 'Dinheiro', 'Talita Testando', 'Talita Testando', 1210, 'Talita Testando', 'Talita Testando', '11111111111', '2021-05-25', '17:34:00', 5, 'Número Pedido: 5.  # ============================= # ,NOME:  Talita Testando # ,TELEFONE:  (11)11111-1111 # ,ENDEREÇO:  Talita Testando # ,NUM:  1210 # ,BAIRRO:  Talita Testando # ,CIDADE:  Talita Testando # ,============================= # ,PRODUTOS: #  # , 1 - Dupla Dinâmica  # ,  # , 1 - Levinho  # ,  # , 1 - Filé Mal Passado + Fruta do dia  # ,  # , 1 - X-Bacon + Cebola  # ,  # ,============================= # ,TOTAL:  R$ 73,00 # ,PAGAMENTO:  Dinheiro # ,Obs:  Troco # , # ============================= # ', 1),
	(65, 11, 'Dinheiro', 'andre', 'asdasdasd', 123, 'asdasd', 'asdasdasd', '18991133303', '2021-07-01', '13:30:00', 6, 'Número Pedido: 6.  # ============================= # ,NOME:  andre # ,TELEFONE:  (18)99113-3303 # ,ENDEREÇO:  asdasdasd # ,NUM:  123 # ,BAIRRO:  asdasd # ,CIDADE:  asdasdasd # ,============================= # ,PRODUTOS: #  # , 10 - Porção Filé e Batata  # ,  # ,============================= # ,TOTAL:  R$ 390,00 # ,PAGAMENTO:  Dinheiro # , # ============================= # ', 0),
	(66, 93, 'Pix', 'andre', 'rua a', 123, 'pq parque', 'prudente', '12313212323', '2021-07-14', '15:05:00', 1, 'Número Pedido: 1.  # ============================= # ,NOME:  andre # ,TELEFONE:  (12)31321-2323 # ,ENDEREÇO:  rua a # ,NUM:  123 # ,BAIRRO:  pq parque # ,CIDADE:  prudente # ,============================= # ,PRODUTOS: #  # , 1 - teste  # ,  # ,============================= # ,TOTAL:  R$ 20,00 # ,PAGAMENTO:  Pix # , # ============================= # ', 0),
	(67, 93, 'Dinheiro', 'asd', 'asdadadasd', 123, 'asdasdas', 'asdasdasd', '12312312312', '2021-07-15', '15:35:00', 2, 'Número Pedido: 2.  # ============================= # ,NOME:  asd # ,TELEFONE:  (12)31231-2312 # ,ENDEREÇO:  asdadadasd # ,NUM:  123 # ,BAIRRO:  asdasdas # ,CIDADE:  asdasdasd # ,============================= # ,PRODUTOS: #  # , 1 - teste  # ,  # ,============================= # ,TOTAL:  R$ 20,00 # ,PAGAMENTO:  Dinheiro # , # ============================= # ', 0),
	(68, 93, 'Dinheiro', 'Andre', 'asdvbn', 123, 'asd', 'asdasd', '12345678901', '2021-07-15', '17:34:00', 3, 'Número Pedido: 3.  # ============================= # ,NOME:  Andre # ,TELEFONE:  (12)34567-8901 # ,ENDEREÇO:  asdvbn # ,NUM:  123 # ,BAIRRO:  asd # ,CIDADE:  asdasd # ,============================= # ,PRODUTOS: #  # , 1 - teste  # ,  # ,Obs.  Fiz esse pedido dia 15/07/2021 17:35 e serei o ultimo a imprimir  #  # ,============================= # ,TOTAL:  R$ 20,00 # ,PAGAMENTO:  Dinheiro # , # ============================= # ', 0),
	(69, 93, 'Pix', 'eu', 'asd', 123, 'asd', 'asd', '12345678902', '2021-07-15', '17:35:00', 4, 'Número Pedido: 4.  # ============================= # ,NOME:  eu # ,TELEFONE:  (12)34567-8902 # ,ENDEREÇO:  asd # ,NUM:  123 # ,BAIRRO:  asd # ,CIDADE:  asd # ,============================= # ,PRODUTOS: #  # , 1 - teste  # ,  # ,Obs.  Sou o pedido das 17:40, serei o segundo a ser impresso   #  # ,============================= # ,TOTAL:  R$ 20,00 # ,PAGAMENTO:  Pix # , # ============================= # ', 0),
	(70, 93, 'Dinheiro', 'asdasdas', 'asdada', 123, 'asdasd', 'asdasdas', '12312313123', '2021-07-16', '08:14:00', 5, 'Número Pedido: 5.  # ============================= # ,NOME:  asdasdas # ,TELEFONE:  (12)31231-3123 # ,ENDEREÇO:  asdada # ,NUM:  123 # ,BAIRRO:  asdasd # ,CIDADE:  asdasdas # ,============================= # ,PRODUTOS: #  # , 2 - teste  # ,  # ,Obs.  8:13  #  # ,============================= # ,TOTAL:  R$ 40,00 # ,PAGAMENTO:  Dinheiro # ,Obs:  8:13 # , # ============================= # ', 0),
	(71, 93, 'Pix', 'ljoiiuouiogj', 'oippopoipopoy', 987, 'poiuipogguipuip', 'uipguiopguipoiog', '98779898787', '2021-07-16', '08:14:00', 6, 'Número Pedido: 6.  # ============================= # ,NOME:  ljoiiuouiogj # ,TELEFONE:  (98)77989-8787 # ,ENDEREÇO:  oippopoipopoy # ,NUM:  987 # ,BAIRRO:  poiuipogguipuip # ,CIDADE:  uipguiopguipoiog # ,============================= # ,PRODUTOS: #  # , 1 - teste  # ,  # ,Obs.  8:14  #  # ,============================= # ,TOTAL:  R$ 20,00 # ,PAGAMENTO:  Pix # ,Obs:  8:14 # , # ============================= # ', 0),
	(72, 93, 'Dinheiro', 'dfghhfhfhgh', 'fgdhfghdfghdghdf', 46565, 'rtyertyerry', 'gfhdruujuggk', '79887889798', '2021-07-16', '08:15:00', 7, 'Número Pedido: 7.  # ============================= # ,NOME:  dfghhfhfhgh # ,TELEFONE:  (79)88788-9798 # ,ENDEREÇO:  fgdhfghdfghdghdf # ,NUM:  46565 # ,BAIRRO:  rtyertyerry # ,CIDADE:  gfhdruujuggk # ,============================= # ,PRODUTOS: #  # , 1 - teste  # ,  # ,Obs.  8:15  #  # ,============================= # ,TOTAL:  R$ 20,00 # ,PAGAMENTO:  Dinheiro # ,Obs:  8:15 # , # ============================= # ', 0),
	(73, 93, 'Dinheiro', 'asdasdasdasd', 'asdasdaqerqwr', 123123, 'asdaqwevdht', 'tyutyutyu', '12312312321', '2021-07-19', '11:41:00', 8, 'Número Pedido: 8.  # ============================= # ,NOME:  asdasdasdasd # ,TELEFONE:  (12)31231-2321 # ,ENDEREÇO:  asdasdaqerqwr # ,NUM:  123123 # ,BAIRRO:  asdaqwevdht # ,CIDADE:  tyutyutyu # ,============================= # ,PRODUTOS: #  # , 1 - teste  # ,  # ,Obs.  testeurl  #  # ,============================= # ,TOTAL:  R$ 20,00 # ,PAGAMENTO:  Dinheiro # ,Obs:  teste # , # ============================= # ', 0),
	(74, 93, 'Dinheiro', 'Lucas', 'Rua Bem Longe', 80655, 'Parque Perto', 'Far Far Away', '18947897897', '2021-07-19', '16:33:00', 9, 'Número Pedido: 9.  # ============================= # ,NOME:  Lucas # ,TELEFONE:  (18)94789-7897 # ,ENDEREÇO:  Rua Bem Longe # ,NUM:  80655 # ,BAIRRO:  Parque Perto # ,CIDADE:  Far Far Away # ,============================= # ,PRODUTOS: #  # , 1 - teste  # ,  # ,Obs.  Pedido  #  # ,============================= # ,TOTAL:  R$ 20,00 # ,PAGAMENTO:  Dinheiro # ,Obs:  Pedido para bem longe # , # ============================= # ', 0),
	(75, 93, 'Dinheiro', 'zasdasdas', 'asdasdas', 123123, 'asdasdqweqwe', 'qweqweqweasdasd', '12312312123', '2021-07-20', '09:00:00', 10, 'Número Pedido: 10.  # ============================= # ,NOME:  zasdasdas # ,TELEFONE:  (12)31231-2123 # ,ENDEREÇO:  asdasdas # ,NUM:  123123 # ,BAIRRO:  asdasdqweqwe # ,CIDADE:  qweqweqweasdasd # ,============================= # ,PRODUTOS: #  # , 1 - teste  # ,  # ,Obs.  123  #  # ,============================= # ,TOTAL:  R$ 20,00 # ,PAGAMENTO:  Dinheiro # ,Obs:  asdasdadasd # , # ============================= # ', 0),
	(76, 93, 'Dinheiro', 'asdasdasd', 'asdadtrs', 1234213412, 'sdfgsdfbsdh', 'fdsfwfwefwe', '12312312312', '2021-07-20', '09:09:00', 11, 'Número Pedido: 11.  # ============================= # ,NOME:  asdasdasd # ,TELEFONE:  (12)31231-2312 # ,ENDEREÇO:  asdadtrs # ,NUM:  1234213412 # ,BAIRRO:  sdfgsdfbsdh # ,CIDADE:  fdsfwfwefwe # ,============================= # ,PRODUTOS: #  # , 1 - teste  # ,  # ,Obs.  Sou teste  #  # ,============================= # ,TOTAL:  R$ 20,00 # ,PAGAMENTO:  Dinheiro # ,Obs:  Pedido 1 # , # ============================= # ', 0),
	(77, 93, 'Pix', 'asdasdasd', 'asdasdasd', 123123123, 'asdasdasd', 'asdasdasda', '12312314145', '2021-07-20', '09:09:00', 12, 'Número Pedido: 12.  # ============================= # ,NOME:  asdasdasd # ,TELEFONE:  (12)31231-4145 # ,ENDEREÇO:  asdasdasd # ,NUM:  123123123 # ,BAIRRO:  asdasdasd # ,CIDADE:  asdasdasda # ,============================= # ,PRODUTOS: #  # , 1 - teste  # ,  # ,Obs.  Pedido 2  #  # ,============================= # ,TOTAL:  R$ 20,00 # ,PAGAMENTO:  Pix # ,Obs:  Pedido 2 # , # ============================= # ', 0),
	(78, 93, 'Pix', 'asdasdasdasd', 'sdasdasdqweqw', 121255, 'jkklgkhj', 'hjkghjkghj', '31214512515', '2021-07-20', '09:10:00', 13, 'Número Pedido: 13.  # ============================= # ,NOME:  asdasdasdasd # ,TELEFONE:  (31)21451-2515 # ,ENDEREÇO:  sdasdasdqweqw # ,NUM:  121255 # ,BAIRRO:  jkklgkhj # ,CIDADE:  hjkghjkghj # ,============================= # ,PRODUTOS: #  # , 1 - teste  # ,  # ,Obs.  pedido 3  #  # ,============================= # ,TOTAL:  R$ 20,00 # ,PAGAMENTO:  Pix # ,Obs:  Pedido 3 # , # ============================= # ', 0),
	(79, 93, 'Dinheiro', 'Goku', 'Rua Longe', 123, 'Bairro Perto', 'Bem longe daqui', '18999999999', '2021-07-20', '13:50:00', 14, 'Número Pedido: 14.  # ============================= # ,NOME:  Goku # ,TELEFONE:  (18)99999-9999 # ,ENDEREÇO:  Rua Longe # ,NUM:  123 # ,BAIRRO:  Bairro Perto # ,CIDADE:  Bem longe daqui # ,============================= # ,PRODUTOS: #  # , 1 - teste  # ,  # ,Obs.  Teste  #  # ,============================= # ,TOTAL:  R$ 20,00 # ,PAGAMENTO:  Dinheiro # ,Obs:  Ola eu sou goku! # , # ============================= # ', 0),
	(80, 93, 'Dinheiro', 'Teste', 'Teste Teste Teste', 123, 'Teste Teste', 'Teste Teste Teste Teste', '12345678910', '2021-07-21', '08:43:00', 15, 'Número Pedido: 15.  # ============================= # ,NOME:  Teste # ,TELEFONE:  (12)34567-8910 # ,ENDEREÇO:  Teste Teste Teste # ,NUM:  123 # ,BAIRRO:  Teste Teste # ,CIDADE:  Teste Teste Teste Teste # ,============================= # ,PRODUTOS: #  # , 1 - teste  # ,  # ,Obs.  Olá sou um teste  #  # ,============================= # ,TOTAL:  R$ 20,00 # ,PAGAMENTO:  Dinheiro # ,Obs:  Sou um teste # , # ============================= # ', 0),
	(81, 93, 'Dinheiro', 'asd', 'asdasdasd', 123, 'asdasdasd', 'asdasdas', '12312312312', '2021-07-21', '10:14:00', 16, 'Número Pedido: 16.  # ============================= # ,NOME:  asd # ,TELEFONE:  (12)31231-2312 # ,ENDEREÇO:  asdasdasd # ,NUM:  123 # ,BAIRRO:  asdasdasd # ,CIDADE:  asdasdas # ,============================= # ,PRODUTOS: #  # , 1 - teste  # ,  # ,============================= # ,TOTAL:  R$ 20,00 # ,PAGAMENTO:  Dinheiro # ,Obs:  asdasdasd # , # ============================= # ', 0),
	(82, 93, 'Pix', 'asdasd', 'asdasdasdqweqweqw', 123123123, 'wqeqweqweqwe', 'qweqwezxcvbvcb', '12313123123', '2021-07-21', '11:00:00', 17, 'Número Pedido: 17.  # ============================= # ,NOME:  asdasd # ,TELEFONE:  (12)31312-3123 # ,ENDEREÇO:  asdasdasdqweqweqw # ,NUM:  123123123 # ,BAIRRO:  wqeqweqweqwe # ,CIDADE:  qweqwezxcvbvcb # ,============================= # ,PRODUTOS: #  # , 1 - teste  # ,  # ,============================= # ,TOTAL:  R$ 20,00 # ,PAGAMENTO:  Pix # ,Obs:  asdaasdas # , # ============================= # ', 0),
	(83, 93, 'Dinheiro', 'Andre', 'Rua quintino bocaiuva', 123, 'Vila Marcondes', 'Prudente', '18320388879', '2021-07-21', '11:09:00', 18, 'Número Pedido: 18.  # ============================= # ,NOME:  Andre # ,TELEFONE:  (18)32038-8879 # ,ENDEREÇO:  Rua quintino bocaiuva # ,NUM:  123 # ,BAIRRO:  Vila Marcondes # ,CIDADE:  Prudente # ,============================= # ,PRODUTOS: #  # , 1 - teste  # ,  # ,============================= # ,TOTAL:  R$ 20,00 # ,PAGAMENTO:  Dinheiro # ,Obs:  Pedido de teste de impressao # , # ============================= # ', 0),
	(84, 93, 'Pix', 'Andre', 'asdasdadasdsadas', 1235456, 'TEste', 'TESTE TESTE TESTE', '18818181818', '2021-07-21', '11:19:00', 19, 'Número Pedido: 19.  # ============================= # ,NOME:  Andre # ,TELEFONE:  (18)81818-1818 # ,ENDEREÇO:  asdasdadasdsadas # ,NUM:  1235456 # ,BAIRRO:  TEste # ,CIDADE:  TESTE TESTE TESTE # ,============================= # ,PRODUTOS: #  # , 1 - teste  # ,  # ,Obs.  Esse é um teste de impressao  #  # ,============================= # ,TOTAL:  R$ 20,00 # ,PAGAMENTO:  Pix # ,Obs:  TESTE DE IMPRESSAO # , # ============================= # ', 0),
	(85, 93, 'Dinheiro', 'Andre', 'Rua ççççççç maoe', 789, '´´´´´´´´´´´´´´´Parque', 'Prundete', '1818181818', '2021-07-21', '11:20:00', 20, 'Número Pedido: 20.  # ============================= # ,NOME:  Andre # ,TELEFONE:  (18)18181-818_ # ,ENDEREÇO:  Rua ççççççç maoe # ,NUM:  789 # ,BAIRRO:  ´´´´´´´´´´´´´´´Parque # ,CIDADE:  Prundete # ,============================= # ,PRODUTOS: #  # , 1 - Bolo  # ,  # ,============================= # ,TOTAL:  R$ 1.800,00 # ,PAGAMENTO:  Dinheiro # ,Obs:  Ola Mundo # , # ============================= # ', 0),
	(86, 93, 'Pix', 'asdasd', 'asdasdasdasdasd', 123123123, 'asdasdasd', 'asdasdasd', '12312312312', '2021-07-21', '11:21:00', 21, 'Número Pedido: 21.  # ============================= # ,NOME:  asdasd # ,TELEFONE:  (12)31231-2312 # ,ENDEREÇO:  asdasdasdasdasd # ,NUM:  123123123 # ,BAIRRO:  asdasdasd # ,CIDADE:  asdasdasd # ,============================= # ,PRODUTOS: #  # , 1 - teste  # ,  # ,Obs.  asdasd  #  # ,============================= # ,TOTAL:  R$ 20,00 # ,PAGAMENTO:  Pix # ,Obs:  asdasdasd # , # ============================= # ', 0),
	(87, 93, 'Pix', 'asdasd', 'asdasdasdas', 6546, 'asdqwrexcv', 'rtyrtybnvn', '12312312312', '2021-07-21', '11:28:00', 22, 'Número Pedido: 22.  # ============================= # ,NOME:  asdasd # ,TELEFONE:  (12)31231-2312 # ,ENDEREÇO:  asdasdasdas # ,NUM:  6546 # ,BAIRRO:  asdqwrexcv # ,CIDADE:  rtyrtybnvn # ,============================= # ,PRODUTOS: #  # , 1 - teste  # ,  # ,Obs.  jhghj  #  # ,============================= # ,TOTAL:  R$ 20,00 # ,PAGAMENTO:  Pix # ,Obs:  ewrwersdfsdf # , # ============================= # ', 0),
	(88, 93, 'Pix', 'werwwerwer', 'asdasdasdasdasd', 123123123, 'asdasdasd', 'qweqweqwe', '12312312312', '2021-07-21', '11:34:00', 23, 'Número Pedido: 23.  # ============================= # ,NOME:  werwwerwer # ,TELEFONE:  (12)31231-2312 # ,ENDEREÇO:  asdasdasdasdasd # ,NUM:  123123123 # ,BAIRRO:  asdasdasd # ,CIDADE:  qweqweqwe # ,============================= # ,PRODUTOS: #  # , 1 - teste  # ,  # ,============================= # ,TOTAL:  R$ 20,00 # ,PAGAMENTO:  Pix # ,Obs:  asdasd # , # ============================= # ', 0),
	(89, 93, 'Pix', 'asdasdasdas', 'sadasdasdasdasd', 867, 'dsadsadsa', 'asddsasad', '12312415455', '2021-07-21', '11:38:00', 24, 'Número Pedido: 24.  # ============================= # ,NOME:  asdasdasdas # ,TELEFONE:  (12)31241-5455 # ,ENDEREÇO:  sadasdasdasdasd # ,NUM:  867 # ,BAIRRO:  dsadsadsa # ,CIDADE:  asddsasad # ,============================= # ,PRODUTOS: #  # , 1 - teste  # ,  # ,Obs.  123  #  # ,============================= # ,TOTAL:  R$ 20,00 # ,PAGAMENTO:  Pix # ,Obs:  asdasd # , # ============================= # ', 0),
	(90, 93, 'Dinheiro', 'fgdf', '5gdfgdfgdgdfgdfg dg dfg fg', 356345, 'dfgdfg fg d dgdfdgdfg', ' dfsdf sdf sdf ', '55433453453', '2021-07-21', '11:43:00', 25, 'Número Pedido: 25.  # ============================= # ,NOME:  fgdf # ,TELEFONE:  (55)43345-3453 # ,ENDEREÇO:  5gdfgdfgdgdfgdfg dg dfg fg # ,NUM:  356345 # ,BAIRRO:  dfgdfg fg d dgdfdgdfg # ,CIDADE:   dfsdf sdf sdf  # ,============================= # ,PRODUTOS: #  # , 1 - teste  # ,  # ,============================= # ,TOTAL:  R$ 20,00 # ,PAGAMENTO:  Dinheiro # ,Obs:  fdkjklçyuytu  # , # ============================= # ', 0),
	(91, 93, 'Pix', 'asdasdasd', 'asdasdasdasdasd', 123123, 'asdasdasdasdad', 'asdasdadasdasdasd', '13123123123', '2021-07-21', '11:52:00', 26, 'Número Pedido: 26.  # ============================= # ,NOME:  asdasdasd # ,TELEFONE:  (13)12312-3123 # ,ENDEREÇO:  asdasdasdasdasd # ,NUM:  123123 # ,BAIRRO:  asdasdasdasdad # ,CIDADE:  asdasdadasdasdasd # ,============================= # ,PRODUTOS: #  # , 1 - teste  # ,  # ,Obs.  teste 1  #  # ,============================= # ,TOTAL:  R$ 20,00 # ,PAGAMENTO:  Pix # ,Obs:  teste 1 # , # ============================= # ', 0),
	(92, 93, 'Dinheiro', 'asdasdasdasd', 'asdasdasdasd', 213123, 'asdasdasdas', 'asdasdasdas', '12312312312', '2021-07-21', '11:53:00', 27, 'Número Pedido: 27.  # ============================= # ,NOME:  asdasdasdasd # ,TELEFONE:  (12)31231-2312 # ,ENDEREÇO:  asdasdasdasd # ,NUM:  213123 # ,BAIRRO:  asdasdasdas # ,CIDADE:  asdasdasdas # ,============================= # ,PRODUTOS: #  # , 1 - teste  # ,  # ,Obs.  teste 2  #  # ,============================= # ,TOTAL:  R$ 20,00 # ,PAGAMENTO:  Dinheiro # ,Obs:  teste 2 # , # ============================= # ', 0),
	(93, 93, 'Dinheiro', 'Tudo', 'bem', 123, 'Como ', 'vc', '33333333333', '2021-07-21', '13:17:00', 28, 'Número Pedido: 28.  # ============================= # ,NOME:  Tudo # ,TELEFONE:  (33)33333-3333 # ,ENDEREÇO:  bem # ,NUM:  123 # ,BAIRRO:  Como  # ,CIDADE:  vc # ,============================= # ,PRODUTOS: #  # , 1 - teste  # ,  # ,Obs.  Ola  #  # ,============================= # ,TOTAL:  R$ 20,00 # ,PAGAMENTO:  Dinheiro # ,Obs:  esta # , # ============================= # ', 0),
	(94, 93, 'Pix', 'kkk', 'gggg', 33333, 'gggg', '3333', '33333333333', '2021-07-21', '13:18:00', 29, 'Número Pedido: 29.  # ============================= # ,NOME:  kkk # ,TELEFONE:  (33)33333-3333 # ,ENDEREÇO:  gggg # ,NUM:  33333 # ,BAIRRO:  gggg # ,CIDADE:  3333 # ,============================= # ,PRODUTOS: #  # , 1 - teste  # ,  # ,Obs.  kkk  #  # ,============================= # ,TOTAL:  R$ 20,00 # ,PAGAMENTO:  Pix # ,Obs:  jjjjjjjj # , # ============================= # ', 0),
	(95, 93, 'Dinheiro', 'And', 'Rua sgt firmino leão', 789, 'marcondes', 'Prudente', '12345678991', '2021-07-21', '13:21:00', 30, 'Número Pedido: 30.  # ============================= # ,NOME:  And # ,TELEFONE:  (12)34567-8991 # ,ENDEREÇO:  Rua sgt firmino leão # ,NUM:  789 # ,BAIRRO:  marcondes # ,CIDADE:  Prudente # ,============================= # ,PRODUTOS: #  # , 1 - teste  # ,  # ,Obs.  Será que vai  #  # ,============================= # ,TOTAL:  R$ 20,00 # ,PAGAMENTO:  Dinheiro # ,Obs:  Ola eu sou um teste complexo\n\nQuero testar o campo \n\nobservações\n\n # , # ============================= # ', 0),
	(96, 93, 'Dinheiro', 'Antonio Marcos Paulo', 'Rua Bem longe daqui la', 12344, 'Parque Bem longe daqui la pras bandas de la', 'Presidente Prudente Fernandopolis Uruarama Maringa', '18181818181', '2021-07-21', '13:32:00', 31, 'Número Pedido: 31.  # ============================= # ,NOME:  Antonio Marcos Paulo # ,TELEFONE:  (18)18181-8181 # ,ENDEREÇO:  Rua Bem longe daqui la # ,NUM:  12344 # ,BAIRRO:  Parque Bem longe daqui la pras bandas de la # ,CIDADE:  Presidente Prudente Fernandopolis Uruarama Maringa # ,============================= # ,PRODUTOS: #  # , 1 - teste  # ,  # ,Obs.  Teste quebra de linha\n\nProjeto Original\n\nBora \n\nQuebrar \n\nLinha  #  # ,============================= # ,TOTAL:  R$ 20,00 # ,PAGAMENTO:  Dinheiro # ,Obs:  Vamos quebrar linhas no projeto original\n\nEspero não ver quebras\n\nde\n \nlinha # , # ============================= # ', 0),
	(97, 93, 'Dinheiro', 'teste', 'asd', 123, 'asdasd', 'qweqwe', '12312312312', '2021-07-28', '14:24:00', 32, 'Número Pedido: 32.  # ============================= # ,NOME:  teste # ,TELEFONE:  (12)31231-2312 # ,ENDEREÇO:  asd # ,NUM:  123 # ,BAIRRO:  asdasd # ,CIDADE:  qweqwe # ,============================= # ,PRODUTOS: #  # , 1 - teste  # ,  # ,============================= # ,TOTAL:  R$ 20,00 # ,PAGAMENTO:  Dinheiro # ,Obs:  a # , # ============================= # ', 0),
	(98, 93, 'Pix', 'Andre', 'Rua Democrata', 400, 'Cidade Universitaria', 'Presidente Prudente', '18999991111', '2021-07-29', '09:05:00', 33, 'Número Pedido: 33.  # ============================= # ,NOME:  Andre # ,TELEFONE:  (18)99999-1111 # ,ENDEREÇO:  Rua Democrata # ,NUM:  400 # ,BAIRRO:  Cidade Universitaria # ,CIDADE:  Presidente Prudente # ,============================= # ,PRODUTOS: #  # , 1 - Bolo + Cobertura  # ,  # ,Obs.  Cobertura de baunilha  #  # , 1 - teste  # ,  # ,Obs.  Sem gergilim  #  # ,============================= # ,TOTAL:  R$ 1.822,00 # ,PAGAMENTO:  Pix # ,Obs:  Ap 82 # , # ============================= # ', 1),
	(99, 93, 'Dinheiro', 'asdasd', 'sdadasdasda as as da', 132, 'asdasads', 'adsadssadsadsa', '12312312312', '2021-07-29', '13:03:00', 34, 'Número Pedido: 34.  # ============================= # ,NOME:  asdasd # ,TELEFONE:  (12)31231-2312 # ,ENDEREÇO:  sdadasdasda as as da # ,NUM:  132 # ,BAIRRO:  asdasads # ,CIDADE:  adsadssadsadsa # ,============================= # ,PRODUTOS: #  # , 1 - teste  # ,  # ,Obs.  hoy  #  # ,============================= # ,TOTAL:  R$ 20,00 # ,PAGAMENTO:  Dinheiro # ,Obs:  adfasfg # , # ============================= # ', 1),
	(100, 93, 'Cartão de Crédito', 'Teste de API', 'Rua bem longe daqui', 42, 'Parque dos Parques', 'Presidente Imprudente', '18181818188', '2021-08-02', '14:44:00', 35, 'Número Pedido: 35.  # ============================= # ,NOME:  Teste de API # ,TELEFONE:  (18)18181-8188 # ,ENDEREÇO:  Rua bem longe daqui # ,NUM:  42 # ,BAIRRO:  Parque dos Parques # ,CIDADE:  Presidente Imprudente # ,============================= # ,PRODUTOS: #  # , 1 - teste  # ,  # ,Obs.  pedidera monstro  #  # ,============================= # ,TOTAL:  R$ 20,00 # ,PAGAMENTO:  Cartão de Crédito # ,Obs:  Olá esse é um teste de API Flutter # , # ============================= # ', 1);
/*!40000 ALTER TABLE `pedidos` ENABLE KEYS */;

-- Copiando estrutura para tabela db_foodtok.produtos
CREATE TABLE IF NOT EXISTS `produtos` (
  `prodid` int(11) NOT NULL AUTO_INCREMENT,
  `usuid` int(11) NOT NULL,
  `lojid` int(11) NOT NULL,
  `catprodid` int(11) NOT NULL,
  `prodnome` varchar(50) NOT NULL,
  `proddescricao` varchar(100) NOT NULL,
  `prodvalor` decimal(10,2) NOT NULL,
  `status` int(11) NOT NULL DEFAULT 1,
  PRIMARY KEY (`prodid`),
  KEY `fk_produtos_lojas1_idx` (`lojid`),
  KEY `fk_produtos_categorias_produtos1_idx` (`catprodid`),
  KEY `fk_produtos_usuarios1_idx` (`usuid`),
  CONSTRAINT `fk_produtos_categorias_produtos1` FOREIGN KEY (`catprodid`) REFERENCES `categorias_produtos` (`catprodid`) ON DELETE NO ACTION ON UPDATE NO ACTION,
  CONSTRAINT `fk_produtos_lojas1` FOREIGN KEY (`lojid`) REFERENCES `lojas` (`lojid`) ON DELETE NO ACTION ON UPDATE NO ACTION,
  CONSTRAINT `fk_produtos_usuarios1` FOREIGN KEY (`usuid`) REFERENCES `usuarios` (`usuid`) ON DELETE NO ACTION ON UPDATE NO ACTION
) ENGINE=InnoDB AUTO_INCREMENT=358 DEFAULT CHARSET=utf8;

-- Copiando dados para a tabela db_foodtok.produtos: ~228 rows (aproximadamente)
/*!40000 ALTER TABLE `produtos` DISABLE KEYS */;
INSERT INTO `produtos` (`prodid`, `usuid`, `lojid`, `catprodid`, `prodnome`, `proddescricao`, `prodvalor`, `status`) VALUES
	(46, 49, 35, 38, 'Cerveja Skol', 'Lata de cerveja marca skol super gelada', 5.00, 1),
	(47, 49, 35, 38, 'Breja Brahma', 'Lata de cerveja da marca brama em uma lata vermelha de aluminio com logotipo', 6.00, 1),
	(48, 49, 35, 38, 'Dor de Cabeça em Lata', 'Acompanha dipirona', 1.00, 1),
	(49, 49, 35, 39, 'Petit Gateau', 'Parecido com a foto.', 12.00, 1),
	(50, 49, 35, 39, 'Brigadeiro Bomba', 'Somente chocolate.', 3.00, 1),
	(51, 49, 35, 39, 'Sagú', 'Com suco de uva! Geladinho!!!!', 6.00, 1),
	(52, 49, 35, 38, 'Tubaína Funada', 'Imitação da Cotuba', 12345678.00, 1),
	(53, 49, 35, 38, 'Tubaína Cotuba', 'Imitação da Funada', 5.36, 1),
	(54, 49, 35, 40, 'Sangue de Boi', 'De garrafão da mais ressaca!', 20.00, 1),
	(55, 49, 35, 40, 'Catena Zapata Malbec safra 2012', 'Vinicola catena zapata, argentina', 800.00, 1),
	(56, 49, 35, 40, 'Vinho Danta Carolina.', 'Santa Carolina safra 2021', 45.11, 1),
	(57, 49, 35, 43, 'Pizza Feijoada', 'Não acompanha o pagode nem a caipirinha.', 85.00, 1),
	(58, 49, 35, 43, 'Pizza PF', 'O tradicional PF da quebrada', 14.00, 1),
	(59, 49, 35, 43, 'Moqueca do Pizzaiolo', 'Não acompanha óleo de dendê', 50.00, 1),
	(60, 49, 35, 41, 'Pizza Brigadeiro', 'Um brigadeirão achatado', 50.45, 1),
	(61, 49, 35, 41, 'Pizza de Melancia', 'Pizza sem massa.', 30.00, 1),
	(62, 49, 35, 42, 'Pizza Derretida', 'Não chega igual a foto, o queijo endurece.', 35.00, 1),
	(63, 49, 35, 42, 'Peperone', 'Ardida', 50.00, 1),
	(64, 49, 35, 42, 'Italianíssima', 'Tradicional de bologna. Receita familiar.', 1480.00, 1),
	(108, 18, 11, 34, 'Pizza Calabresa', 'Molho de Tomate e Calabresa', 29.00, 1),
	(109, 18, 11, 34, 'Pizza Mussarela', 'Molho de Tomate e Mussarela', 25.00, 1),
	(111, 64, 50, 59, 'Açai 400g', 'Escolha o Sabor', 11.90, 1),
	(112, 65, 51, 60, 'Carne Bovina', 'Carne bovina', 2.50, 1),
	(113, 65, 51, 61, 'Banana com Canela', 'Banana leite condensado', 3.00, 1),
	(114, 65, 51, 60, 'Carne e alho', 'Carne', 3.00, 0),
	(115, 65, 51, 60, 'Carne e queijo', 'Carne', 3.00, 1),
	(116, 65, 51, 62, 'Presunto e Queijo', 'Presunto queijo tomate', 43.00, 1),
	(117, 65, 51, 62, 'Brócolis', 'Brócolis queijo e bacon', 43.00, 1),
	(118, 65, 51, 60, 'Carne e Bacon', ' Carne e Bacon', 3.00, 1),
	(119, 65, 51, 60, 'Carne Queijo e Bacon', ' Carne Queijo e Bacon', 3.00, 1),
	(120, 65, 51, 60, 'Carne Queijo Milho', 'carne queijo milho', 3.00, 1),
	(121, 65, 51, 60, 'Calabresa e Alho', 'Calabresa e alho torradk', 3.00, 1),
	(122, 65, 51, 60, 'Calabresa Catupiry', 'Calabresa Catupiry', 3.00, 1),
	(123, 65, 51, 60, 'Calabresa Cheddar', 'Calabresa Cheddar', 3.00, 1),
	(124, 65, 51, 60, 'Calabresa Queijo', 'Calabresa Queijo', 3.00, 1),
	(125, 65, 51, 60, 'Calab Queijo Bacon', 'Calabresa Queijo Bacon', 3.00, 1),
	(126, 65, 51, 60, 'Calab Queijo Milho', 'Calabresa Queijo Milho', 3.00, 1),
	(127, 65, 51, 60, 'Escarola Q. Bacon', 'Escarola', 3.00, 1),
	(128, 65, 51, 60, 'Frango Catupiry', 'Frango', 3.00, 1),
	(129, 65, 51, 60, 'Frango Cheddar', 'Frango', 3.00, 1),
	(130, 65, 51, 60, 'Frango Queijo Bacon', 'Frango', 3.00, 1),
	(131, 65, 51, 60, 'Frango Queijo Milho', 'Frango', 3.00, 1),
	(132, 65, 51, 60, 'Frango Queij Palmito', 'Frango', 3.00, 1),
	(133, 65, 51, 60, 'Queijo e Alho', 'Queijo e Alho Torrado', 3.00, 1),
	(134, 65, 51, 60, 'Queijo e Milho', 'Queijo', 3.00, 1),
	(135, 65, 51, 60, 'Queijo Mussarela', 'Queijo e orégano', 3.00, 1),
	(136, 65, 51, 60, 'Queijo e Palmito', 'Queijo e orégano', 3.00, 1),
	(137, 65, 51, 60, 'Queijo Tomate Seco', 'Queijo', 3.00, 1),
	(138, 65, 51, 60, 'Atum e Queijo', 'Atum', 3.50, 1),
	(139, 65, 51, 60, 'Brócolis Quej Bacon', 'brócolis', 3.50, 1),
	(140, 65, 51, 60, 'Kero Mais', 'Frango Queijo Palmito Catup', 3.50, 1),
	(141, 65, 51, 60, 'Mediterrânea', 'Calabresa Alho e Pimenta Calab', 3.50, 1),
	(142, 65, 51, 60, 'Nordestina', 'Calabreda Milho Queijo Catup', 3.50, 1),
	(143, 65, 51, 60, 'Rúcula Tomate Seco', 'Rúcula', 3.50, 1),
	(144, 65, 51, 60, 'Quatro Queijos', 'Quatro Queijos', 3.50, 1),
	(145, 65, 51, 60, 'Strognoff Carne', 'Strog Carne Batata Palha', 4.00, 0),
	(146, 65, 51, 60, 'Strognoff Frango', 'Strog Frango e Batata Palha', 4.00, 1),
	(147, 65, 51, 61, 'Biz Branco', 'Chocolate e Biz Branco', 3.00, 1),
	(148, 65, 51, 61, 'Biz Preto', 'Chocolate e Biz Preto', 3.00, 1),
	(149, 65, 51, 61, 'Beijinho', 'Coco, Chocolate branco', 3.00, 1),
	(150, 65, 51, 61, 'Brigadeiro', 'Chocolate e Granulado', 3.00, 1),
	(151, 65, 51, 61, 'Confeti', 'Chocolate e confeti', 3.00, 1),
	(152, 65, 51, 61, 'Chocolate Branco', 'Chocolate', 3.00, 1),
	(153, 65, 51, 61, 'Chocolate ao Leite', 'Chocolate', 3.00, 1),
	(154, 65, 51, 61, 'Prestígio', 'Chocolate e Côco', 3.00, 1),
	(155, 65, 51, 61, 'Romeu e Julieta', 'Queijo e Goiabada', 3.00, 1),
	(156, 65, 51, 61, 'Chocolate Morango', 'Chocolate e morango fresco', 3.50, 0),
	(164, 74, 60, 73, 'Bolo de Fubá', 'Bolo simples e tradicional', 15.00, 1),
	(165, 74, 60, 73, 'Bolo de Cenoura', 'Cobertura é opcional', 15.00, 1),
	(166, 74, 60, 73, 'Bolo de Chocolate', 'Bolo simples', 15.00, 1),
	(167, 74, 60, 73, 'Bolo de Limão', 'Bolo verde', 15.00, 1),
	(168, 74, 60, 73, 'Bolo de Laranja', 'Bolo de Laranja', 15.00, 1),
	(169, 74, 60, 73, 'Bolo Fit', 'Banana com Uva passas', 18.00, 0),
	(170, 74, 60, 75, 'Pudim de Leite Moça', 'Pudim de Leite Moça', 40.00, 1),
	(171, 74, 60, 75, 'Gelatto de Abacaxi', 'Duas camadas deliciosas', 40.00, 0),
	(172, 74, 60, 75, 'Pudim Leite Ninho', 'Leite Ninho com Nutella', 45.00, 0),
	(173, 74, 60, 75, 'Mousse de Vinho', 'Mousse alcoólico de vinho', 35.00, 1),
	(174, 74, 60, 75, 'Mousse de Maracujá', 'Mousse de maracujá', 35.00, 1),
	(175, 74, 60, 75, 'Torta de Limão', 'Torta de Limão', 40.00, 1),
	(176, 74, 60, 73, 'Bolo de Ninho', 'Cobertura Opcional', 15.00, 1),
	(177, 74, 60, 74, 'Bolo Kit Kat Kg', 'Consulte sabores', 65.00, 1),
	(178, 74, 60, 74, 'Bolo Aniversário 2Kg', 'Consulte sabores', 80.00, 0),
	(179, 74, 60, 74, 'Bolo Aniversário 5kg', 'Consulte sabores', 250.00, 1),
	(180, 74, 60, 76, 'Torta de Frango', 'Milho, Ervilha e Requeijão', 45.00, 1),
	(181, 74, 60, 76, 'Torta de Palmito', 'Palmito, ervilha e milho', 55.00, 1),
	(182, 74, 60, 77, 'Brigadeiro Gourmet', 'Cento, chocolate 1/2 amargo', 100.00, 1),
	(183, 74, 60, 77, 'Brigadeiro Palha', 'Cento ', 80.00, 1),
	(184, 74, 60, 77, 'Brigadeiro Óreo', 'Cento', 80.00, 1),
	(185, 74, 60, 77, 'Brigadeiro de Uva', 'Cento', 100.00, 1),
	(186, 74, 60, 75, 'Torta de Bis', 'Torta de Bis Duo', 40.00, 1),
	(187, 74, 60, 75, 'Pudim de Coco', 'Coco e leite de coco', 40.00, 1),
	(188, 74, 60, 73, 'Fubá c/ Goiabada', 'Generosos pedaços de goiabada', 20.00, 1),
	(189, 74, 60, 73, 'Fubá Cremoso', 'Deliciosa camada cremosa', 20.00, 1),
	(190, 74, 60, 77, 'Beijinho', 'Cento', 80.00, 1),
	(196, 74, 60, 82, 'Cenoura c/ Chocolate', 'Bolo de Cenoura com cobertura de chocolate meio amargo', 23.00, 1),
	(197, 74, 60, 82, 'Ninho c/ ninho', 'Bolo de leite Ninho com cobertura de leite ninho', 23.00, 1),
	(198, 74, 60, 82, 'Nega Maluka', 'Bolo de chocolate com deliciosa cobertura com chocolate meio amargo', 23.00, 1),
	(199, 74, 60, 83, 'Cenoura Vulcão', 'Bolo de cenoura com delicioso creme de chocolate meio amargo', 26.00, 1),
	(200, 74, 60, 83, 'Chocolate Vulcão', 'Bolo de chocolate com delicioso creme de chocolate meio amargo', 26.00, 1),
	(201, 74, 60, 83, 'Ninho Vulcão', 'Bolo de Ninho com delicioso creme de leite ninho', 26.00, 1),
	(202, 74, 60, 82, 'Bolo Paçoca', 'Bolo aromatizado com cobertura cremosa de doce de leite', 23.00, 1),
	(203, 74, 60, 74, 'Bolo Confeitado 2Kg', 'Sabores sob consulta', 80.00, 1),
	(204, 78, 64, 99, 'Mussarela', 'Massa, molho, mussarela, orégano', 30.00, 1),
	(205, 78, 64, 99, 'Calabresa', 'Massa, molho, mussarela, orégano e calabresa', 30.00, 1),
	(206, 78, 64, 99, 'Pizza calabresa', 'Molho', 30.00, 1),
	(207, 78, 64, 99, 'Prestígio', 'Massa, chocolate e coco', 30.00, 1),
	(208, 78, 64, 100, 'Costela', 'Massa, molho, costela, cebola, pimentão e tomate', 35.00, 1),
	(209, 78, 64, 99, 'Banana com mussarela', 'Massa, leite condensado, mussarela, banana e canela', 30.00, 1),
	(210, 78, 64, 99, 'Chocolate e morango', ' Massa, chocolate, morango e leite  condensado', 30.00, 1),
	(211, 78, 64, 101, 'X costela grill', 'Pão, carne, agrião, tomate, queijo, bacon,  ovo', 13.00, 1),
	(212, 78, 64, 101, 'Costela grill', 'Pão, 150 gramas de carne de costela, ovo, queijo, tomate e agrião', 8.00, 1),
	(213, 78, 64, 99, 'Alho e óleo', 'Massa, molho, orégano e alho', 25.00, 1),
	(214, 78, 64, 101, 'X calabresa', 'Pão, carne, ovo, bacon, queijo, salada e calabresa ', 8.00, 1),
	(215, 78, 64, 101, 'X bacon', 'Pão, carne, ovo, bacon, queijo, salada ', 7.00, 1),
	(216, 78, 64, 101, 'X burguer', 'Pão, carne, ovo, queijo, salada e batata palha', 6.50, 1),
	(218, 78, 64, 101, ' X bacon', 'Pão, carne, ovo, bacon, salada e batata palha', 7.00, 1),
	(219, 78, 64, 101, 'Frango grelhado', 'Pão, frango grelhado, ovo, queijo, salada e batata palha', 10.00, 1),
	(220, 78, 64, 101, 'X milho e catupiry', 'Pão, carne, ovo, queijo, requeijão, milho, salada e batata palha', 10.00, 1),
	(226, 78, 64, 103, 'Presunto', 'Massa frita, molho, mussarella, orégano, presunto', 6.00, 1),
	(228, 78, 64, 103, 'Calabresa acebolada', 'frita, molho, mussarella, orégano, calabresa e cebola', 6.00, 1),
	(229, 78, 64, 99, 'Sensação', 'Massa, chocolate preto, chocolate branco e morango', 30.00, 1),
	(230, 78, 64, 101, 'Tri boladão', 'Pão, 3 carnes, 3 ovos, 3 queijos, bacon, presunto salada e batata palha', 20.00, 1),
	(231, 78, 64, 101, 'X duplo', 'Pão, 2 carnes, queijo, presunto, ovo, bacon, salada e batata palha', 10.00, 1),
	(232, 78, 64, 101, '3 queijos', 'Pão, carne, ovo, queijo mussarela, cheddar, requeijão, , salada e batata palha', 11.00, 1),
	(233, 78, 64, 101, 'X boladão', 'Pão, 2 carnes, 2 ovos, 2 queijo, bacon , presunto, salada e batata palha', 13.00, 1),
	(234, 78, 64, 101, 'Toscano', 'Pão, 150 gramas de carne de bacon com linguiça Toscana, queijo e salada', 8.00, 1),
	(235, 78, 64, 103, 'Hambúrguer', 'Pão, carne, ovo, salada e batata palha', 4.50, 1),
	(236, 78, 64, 101, 'Kid', 'Pão, carne, queijo, presunto e batata palha', 6.50, 1),
	(237, 78, 64, 99, 'Costela.', 'Massa, molho, mussarela, oregano, costela desfiada, toma , cebola', 26.99, 1),
	(238, 78, 64, 99, 'Banana c mussarela', 'Massa, leite condensado, mussarela, banana', 30.00, 1),
	(239, 78, 64, 101, 'Americano', 'Pão, carne, ovo, queijo,  presunto, salada e batata palha', 7.00, 1),
	(243, 18, 11, 92, 'X-Burguer', 'Hambúrguer, Cebola Roxa, Picles, Mussarela e Salada', 15.00, 1),
	(244, 18, 11, 92, 'X-Bacon', 'Hambúrguer, Bacon, Cheddar e Salada', 18.00, 1),
	(245, 78, 64, 99, 'Rústica', 'Massa, molho, mussarela, orégano, calabresa, iPhone azeitona', 30.00, 1),
	(246, 78, 64, 99, 'Calabresa c catupiry', 'Massa, molho, mussarela, orégano , calabresa, requeijão', 30.00, 1),
	(247, 78, 64, 99, 'Palmito', 'Massa, molho, mussarela, orégano , palmito', 35.00, 1),
	(248, 78, 64, 99, 'Portuguesa', 'molho, mussarela, calabresa, tomate, pimentão, cebola, milho, presunto', 30.00, 1),
	(249, 78, 64, 99, 'Mussarela.', 'Massa, molho, mussarela, orégano ', 26.99, 1),
	(250, 78, 64, 99, 'Bacon', 'Massa, molho, mussarela, orégano, bacon', 30.00, 1),
	(251, 78, 64, 99, 'Bacon com palmito', 'Massa, molho, mussarela, orégano , palmito e bacon', 30.00, 1),
	(252, 18, 11, 92, 'Dog-Calabresa', 'Salsicha, Calabresa, Molho, Batata Palha e Tomate', 18.00, 1),
	(256, 92, 78, 119, 'pizza 35cm', 'calabresa', 37.90, 1),
	(258, 87, 73, 122, 'COPO 300ML', 'COPO DE 300ML DE AÇAI COM 2 ACOMPANHAMENTO DE SUA ESCOLHA', 15.00, 1),
	(259, 87, 73, 122, 'COPO  400ML ', 'COPO DE 400ML DE AÇAI COM 2 ACOMPANHAMENTOS DE SUA ESCOLHA', 16.00, 1),
	(260, 87, 73, 122, 'COPO  500ML', ' COPO DE 500ML COM 2 ACOMPANHAMENTO DE SUA ESCOLHA', 17.00, 1),
	(261, 87, 73, 122, 'COPO 700ML', 'COPO DE 700ML COM 2 ACOMPANHAMENTO DE SUA ESCOLHA', 20.00, 1),
	(262, 87, 73, 122, 'CUPUAÇU  300ML', 'COPO DE 300ML DE CUPUAÇU COM 2 ACOMPANHAMENTO DE SUA ESCOLHA', 15.00, 1),
	(263, 87, 73, 122, 'CUPUAÇU 400ML', 'COPO DE 400ML DE CUPUAÇU COM 2 ACOMPANHAMENTO', 16.00, 1),
	(264, 87, 73, 122, 'CUPUAÇU 500ML', 'COPO DE 500ML DE CUPUAÇU COM 2 ACOMPANHAMENTO DE SUA ESCOLHA', 17.00, 1),
	(265, 87, 73, 122, 'CUPUAÇU 700ML', 'COPO DE 700MLDE CUPUAÇU COM 2 ACOMPANHAMENTO DE SUA ESCOLHA', 20.00, 1),
	(266, 87, 73, 122, 'AVELÃ 300ML', 'COPO DE 300ML DE GELATO DE AVELÃ COM 2 ACOMPANHAMENTO DE SUA ESCOLHA', 15.00, 1),
	(267, 87, 73, 122, 'AVELÃ 400ML', 'COPO DE 400ML DE GELATO DE AVELÃ COM 2 ACOMPANHAMENTO DE SUA ESCOLHA', 16.00, 1),
	(268, 87, 73, 122, 'AVELA 500 ML ', 'COPO DE GELATO DE AVELÃ 500ML COM 2 ACOMPANHAMENTO DE SUA ESCOLHA', 17.00, 1),
	(269, 87, 73, 122, 'AVELÃ 700ML', 'COPO DE 700ML DE GELATO DE AVELÃ COM2 ACOMPANHAMENTO DE SUA ESCOLHA', 20.00, 1),
	(270, 87, 73, 122, 'PAÇOCA 300ML', 'COPO DE 300ML DE AÇAI COM PAÇOCA COM 2 ACOMPANHAMENTO DE SUA ESCOLHA', 15.00, 1),
	(271, 87, 73, 122, 'PAÇOCA 400ML', 'COPO DE 400ML AÇAI COM PAÇOCA ,E 2 ACOMPANHAMENTO DE SUA ESCOLHA', 16.00, 1),
	(272, 87, 73, 122, 'PAÇOCA 500ML', 'COPO DE 500ML DE AÇAI COM PAÇOCA ,E 2 ACOMPANHAMENTO DE SUA ESCOLHA', 17.00, 1),
	(273, 87, 73, 122, 'PAÇOCA 700ML', 'COPO DE 700ML DE AÇAI COM PAÇOCA E 2 ACOMPANHAMENTO DE SUA ESCOLHA', 20.00, 1),
	(274, 87, 73, 122, 'ABACATE 300ML', 'COPO 300ML DE CREME DE ABACATE E 2 ACOMPANHAMENTO DE SUA ESCOLHA', 15.00, 1),
	(286, 96, 82, 133, 'Coca Cola Lata', 'Coca', 5.00, 1),
	(287, 96, 82, 133, 'Coca', 'Coca', 5.00, 1),
	(288, 18, 11, 36, 'Cerveja', 'Copo de cerveja 300 ml', 7.00, 1),
	(289, 18, 11, 36, 'Caneca de Chopp', 'Caneca de 500ml de Chopp', 12.00, 1),
	(290, 18, 11, 36, 'Refrigerante Cola', 'Copo de 400ml de Refrigerante sabor Cola', 6.00, 1),
	(291, 18, 11, 36, 'Limonada', 'Copo de 400ml de Limonada  com rodelas de limão', 8.00, 1),
	(292, 18, 11, 36, 'Água com gás', 'Copo de 300ml de água gaseificada', 3.00, 1),
	(293, 18, 11, 96, 'Suco de Abacaxi', 'Copo de 400ml de suco de abacaxi', 8.00, 1),
	(294, 18, 11, 96, 'Suco de Maracujá', 'Copo de 400ml de suco de maracujá', 8.00, 1),
	(295, 18, 11, 96, 'Suco de Melancia', 'Copo de 400ml de suco de melancia', 7.00, 1),
	(296, 18, 11, 96, 'Suco de Melão', 'Copo de 400ml de suco de melão', 8.00, 1),
	(297, 18, 11, 96, 'Suco de Morango', 'Copo de 400ml de suco de morango', 9.00, 1),
	(298, 18, 11, 96, 'Suco de Laranja', 'Copo de 400ml de suco de lanranja', 7.50, 1),
	(299, 18, 11, 92, 'Hot Dog', 'Salsicha e Molho', 10.00, 1),
	(300, 18, 11, 104, 'Porção de Batata', '500g de Batata Tipo Palito', 19.00, 1),
	(301, 18, 11, 104, 'Porção de Calabresa', '500g de Calabresa Acebolada', 23.00, 1),
	(302, 18, 11, 104, 'Porção de Frango', '500g de Frango a Passarinho Empanado', 26.00, 1),
	(303, 18, 11, 104, 'Porção de Tilápia', '500g de Tilápia empanada', 28.00, 1),
	(304, 18, 11, 104, 'Porção de Salgado', '500g de Salgado de Carne Empanado', 27.00, 1),
	(305, 18, 11, 34, 'Pizza Catu Frango', 'Frango temperado e desfiado com Catupiry', 29.00, 1),
	(306, 18, 11, 34, 'Pizza Portuguesa', 'Mussarela, Presunto, Tomate e Milho', 30.00, 1),
	(307, 18, 11, 34, 'Pizza de Shimeji', 'Shimeji refogado, com Queijo branco e parmesão', 32.00, 1),
	(308, 18, 11, 34, 'Pizza Vegana', 'Azeitona, Molho de Tomate encorpado, Pimentão, Cebola', 23.00, 1),
	(309, 18, 11, 134, 'Churrasco', 'Fatias de Carne por Quilo', 13.00, 1),
	(310, 18, 11, 134, 'Filé Mal Passado', 'Fatias de Carne Mal passada por Quilo', 13.00, 1),
	(311, 18, 11, 134, 'Macarrão a Bolonhesa', 'Molho Bolonhesa com Tomate e Carne Moida', 12.00, 1),
	(312, 18, 11, 134, 'Salmão Grelhado', '300g de Filé de Salmão Grelhado', 20.00, 1),
	(313, 18, 11, 134, 'Salmão e Legumes', '200g de Filé de Salmão com Legumes cozidos no vapor', 40.00, 1),
	(314, 18, 11, 134, 'Panqueca Doce', '4 Panquecas de Leite Ninho, Açúcar de confeiteiro e Framboesa ', 23.00, 1),
	(315, 18, 11, 92, 'Esfiha Carne', '10 Esfihas sabor Carne', 30.00, 1),
	(316, 18, 11, 92, 'Esfiha de Calabresa', '3 Esfihas grandes Sabor Calabresa', 15.00, 1),
	(318, 18, 11, 141, 'Alface', 'Hortaliça ', 2.50, 1),
	(319, 18, 11, 141, 'Bandeja de morango', 'Bandeja de morangos com 300 g de fruta fresca', 6.50, 1),
	(320, 18, 11, 141, 'Beterraba', 'Quantidade mínima 200 g', 3.00, 1),
	(321, 18, 11, 141, 'Cenoura', 'Pedido mínimo 200 g', 2.00, 1),
	(322, 18, 11, 141, 'Kiwi', 'Pedido mínimo 200 g', 8.50, 1),
	(323, 18, 11, 141, 'Rúcula', 'Maço de hortaliça fresca', 2.00, 1),
	(324, 99, 85, 142, 'Açaí', 'Tetê do Mestre', 12.00, 1),
	(325, 99, 85, 142, 'Amendoim', 'Tetê do Mestre', 12.00, 1),
	(326, 99, 85, 142, 'Banana com Canela', 'Tetê do Mestre', 12.00, 1),
	(327, 99, 85, 142, 'Chocolate Belga', 'Tetê do Mestre', 12.00, 1),
	(328, 99, 85, 142, 'Coco', 'Tetê do Mestre', 12.00, 1),
	(329, 99, 85, 142, 'Goiaba', 'Tetê do Mestre', 12.00, 1),
	(330, 99, 85, 142, 'Limão Galego', 'Tetê do Mestre', 12.00, 1),
	(331, 99, 85, 142, 'Limão com Menta', 'Tetê do Mestre', 12.00, 1),
	(332, 99, 85, 142, 'Maçã Verde', 'Tetê do Mestre', 12.00, 1),
	(333, 99, 85, 142, 'Manga', 'Tetê do Mestre', 12.00, 1),
	(334, 99, 85, 142, 'Maracujá', 'Tetê do Mestre', 12.00, 1),
	(335, 99, 85, 142, 'Milho Verde', 'Tetê do Mestre', 12.00, 1),
	(336, 99, 85, 142, 'Morango', 'Tetê do Mestre', 12.00, 1),
	(338, 102, 88, 154, 'Refrigerante', '2 litros', 10.00, 1),
	(339, 102, 88, 155, 'Tilápia', '500g Filé de Tilápia Empanada e cebola', 40.00, 1),
	(340, 102, 88, 153, 'Frito', '300g Peixe Frito', 25.00, 1),
	(342, 102, 88, 154, 'Suco de Fruta', '400ml Suco Natural', 7.00, 1),
	(343, 102, 88, 153, 'Molho Vermelho', '300g Peixe em Molho de Tomate', 35.00, 1),
	(344, 102, 88, 155, 'Frango Empanado', '500g Filé de Frango Empanado com cebola', 50.00, 1),
	(345, 102, 88, 156, 'Cervejas', '600ml', 9.00, 1),
	(346, 105, 91, 159, 'Bauru', 'Massa fresca, molho de tomate, presunto, mussarela, tomate e orégano', 27.00, 1),
	(347, 105, 91, 159, 'Calabresa Acebolada', 'Molho de tomate, calabresa fatiada, cebolas, mussarela, orégano e alho granulado', 27.90, 1),
	(348, 105, 91, 159, 'Calabresa com Tomate', 'Molho de tomate, calabresa, mussarela, tomate, orégano e alho granulado', 27.90, 1),
	(349, 105, 91, 159, 'Calabresa Catupiry', 'Molho de tomate, calabresa fatiada, catupiry, queijo mussarela e orégano', 29.50, 1),
	(350, 105, 91, 159, 'Mussarela', 'Molho de tomate, mussarela, orégano e alho granulado', 30.00, 1),
	(351, 105, 91, 159, 'Portuguesa', 'Molho, presunto, calabresa, cebola, palmito, ervilha, ovo cozido, mussarela', 31.90, 1),
	(352, 105, 91, 159, 'Catufrango', 'Molho, frango desfiado temperado no alho, catupiry e mussarela', 34.90, 1),
	(353, 105, 91, 159, 'Baiana', 'Molho, calabresa moída, cebola, tomate, ovo cozido, mussarela, pimenta calabresa', 31.90, 1),
	(354, 105, 91, 161, 'Cheddar', 'Borda no capricho com cheddar', 3.00, 1),
	(355, 106, 92, 162, 'Pizza de Calabresa', 'Calabresa, queijo e tomate', 20.00, 1),
	(356, 107, 93, 164, 'Bolo', 'Bolo', 1800.00, 1),
	(357, 107, 93, 164, 'Teste', 'Meu Deus do ceu', 20.00, 1);
/*!40000 ALTER TABLE `produtos` ENABLE KEYS */;

-- Copiando estrutura para tabela db_foodtok.promocoes
CREATE TABLE IF NOT EXISTS `promocoes` (
  `promoid` int(11) NOT NULL AUTO_INCREMENT,
  `usuid` int(11) NOT NULL,
  `lojid` int(11) NOT NULL,
  `promonome` varchar(100) NOT NULL,
  `promodescricao` varchar(250) NOT NULL,
  `promovalortotal` decimal(10,2) NOT NULL,
  `status` int(11) NOT NULL DEFAULT 1,
  PRIMARY KEY (`promoid`),
  KEY `fk_promocoes_lojas1_idx` (`lojid`),
  KEY `fk_promocoes_usuarios1_idx` (`usuid`),
  CONSTRAINT `fk_promocoes_lojas1` FOREIGN KEY (`lojid`) REFERENCES `lojas` (`lojid`) ON DELETE NO ACTION ON UPDATE NO ACTION,
  CONSTRAINT `fk_promocoes_usuarios1` FOREIGN KEY (`usuid`) REFERENCES `usuarios` (`usuid`) ON DELETE NO ACTION ON UPDATE NO ACTION
) ENGINE=InnoDB AUTO_INCREMENT=220 DEFAULT CHARSET=utf8;

-- Copiando dados para a tabela db_foodtok.promocoes: ~10 rows (aproximadamente)
/*!40000 ALTER TABLE `promocoes` DISABLE KEYS */;
INSERT INTO `promocoes` (`promoid`, `usuid`, `lojid`, `promonome`, `promodescricao`, `promovalortotal`, `status`) VALUES
	(62, 49, 35, 'Promoção Realeza', 'Degustação diferenciada', 1480.00, 1),
	(63, 49, 35, 'pança cheia', 'Igual', 28.00, 1),
	(212, 18, 11, 'Dupla Dinâmica', '1 X-Burguer  e 1 copo de 400ml de refrigerante sabor cola', 20.00, 1),
	(213, 18, 11, 'Porção Filé e Batata', '250g de Filé Mignon e 250g de Batata Frita tipo Palito', 39.00, 1),
	(214, 18, 11, 'Levinho', '1 Sanduiche Natural e 1 copo de 400ml de Suco Verde', 18.00, 1),
	(215, 18, 11, 'Sextou', 'Copo de 400ml de Cerveja e Porção de 300g de Frango Frito empanado', 30.00, 1),
	(216, 18, 11, 'Combo Esfihas', '2 Sabor Carne, 2 Sabor Espinafre, 4 Sabor Frango, 4 Sabor Calabresa e 2 Doces', 39.00, 1),
	(217, 18, 11, 'X-Burguer e Batata', '1 X-Burguer e 300g de Batata Frita tipo palito', 30.00, 1),
	(218, 102, 88, 'Porção + Cerveja', '500g Porção de Frango + 600ml cerveja', 55.00, 1),
	(219, 107, 93, 'teste', 'Combo topzera', 20.00, 1);
/*!40000 ALTER TABLE `promocoes` ENABLE KEYS */;

-- Copiando estrutura para tabela db_foodtok.sugestoes
CREATE TABLE IF NOT EXISTS `sugestoes` (
  `sugid` int(11) NOT NULL AUTO_INCREMENT,
  `usuid` int(11) NOT NULL,
  `sugtitulo` varchar(100) DEFAULT NULL,
  `sugtexto` varchar(300) DEFAULT NULL,
  `sugdata` varchar(50) DEFAULT NULL,
  PRIMARY KEY (`sugid`),
  KEY `fk_sugestoes_usuarios1_idx` (`usuid`),
  CONSTRAINT `fk_sugestoes_usuarios1` FOREIGN KEY (`usuid`) REFERENCES `usuarios` (`usuid`) ON DELETE NO ACTION ON UPDATE NO ACTION
) ENGINE=InnoDB AUTO_INCREMENT=50 DEFAULT CHARSET=utf8;

-- Copiando dados para a tabela db_foodtok.sugestoes: ~4 rows (aproximadamente)
/*!40000 ALTER TABLE `sugestoes` DISABLE KEYS */;
INSERT INTO `sugestoes` (`sugid`, `usuid`, `sugtitulo`, `sugtexto`, `sugdata`) VALUES
	(27, 18, 'Adicionar Filtros', 'Seria interessante adicionar filtros as telas de cadastro de itens par ao cardápio.', NULL),
	(45, 78, 'Valor?', 'Esse site não tem nenhuma forma de pagamento, ele é gratuito?', NULL),
	(48, 107, 'Sugestão Teste', 'Sugestão TesteSugestão TesteSugestão TesteSugestão TesteSugestão TesteSugestão TesteSugestão TesteSugestão TesteSugestão TesteSugestão TesteSugestão TesteSugestão Teste', '7/26/2021|17:33'),
	(49, 107, 'Sugestão Teste', 'Sugestão TesteSugestão TesteSugestão TesteSugestão TesteSugestão TesteSugestão TesteSugestão TesteSugestão TesteSugestão TesteSugestão TesteSugestão TesteSugestão Teste', '7/26/2021|17:33');
/*!40000 ALTER TABLE `sugestoes` ENABLE KEYS */;

-- Copiando estrutura para tabela db_foodtok.usuarios
CREATE TABLE IF NOT EXISTS `usuarios` (
  `usuid` int(11) NOT NULL AUTO_INCREMENT,
  `usuemail` varchar(100) NOT NULL,
  `ususenha` varchar(100) NOT NULL,
  `usuresettoken` varchar(350) DEFAULT NULL,
  `usutelefone` varchar(11) NOT NULL,
  `usuperfil` int(1) DEFAULT NULL,
  PRIMARY KEY (`usuid`)
) ENGINE=InnoDB AUTO_INCREMENT=108 DEFAULT CHARSET=utf8;

-- Copiando dados para a tabela db_foodtok.usuarios: ~31 rows (aproximadamente)
/*!40000 ALTER TABLE `usuarios` DISABLE KEYS */;
INSERT INTO `usuarios` (`usuid`, `usuemail`, `ususenha`, `usuresettoken`, `usutelefone`, `usuperfil`) VALUES
	(18, 'foodtok@foodtok.com.br', '$2b$10$Xs9D1.t3ywNK.v/FIHTcjODfr2sgSeS65jc8X6HY22HYFvXsN3Ue6', 'eyJhbGciOiJIUzI1NiIsInR5cCI6IkpXVCJ9.eyJ1c3VpZCI6MTgsImlhdCI6MTYxMDk5NTM1NCwiZXhwIjoxNjEwOTk1NDc0fQ.HT8MOdJQQwYR7wVaSNFD60Ay23seY0Cz9EYAdx_57f8', '18981842531', 1),
	(49, 'abbud@tanca.com.br', '$2b$10$rAFwA7/0ub8q1S/W6mlq/.tuJPSdA7TgStSNqM6pREZlIk63HqWym', NULL, '11989616831', 0),
	(64, 'fabiocamposs1216@hotmail.com', '$2b$10$2AK3rc5LZ6ojRXQYf1k6LO2FTz1voBlQal9CUBrtNdJH8l3PzopPu', NULL, '16988764140', 0),
	(65, 'jhsantiaggo@gmail.com', '$2b$10$ON0JpAxNJap5MdEe8TUTMOZ/TfJUxCuLYQFKS5ZE1acj9HqwmVjw6', NULL, '43998204910', 0),
	(66, 'charlessouza444i@hotmail.com', '$2b$10$V0yFy/40NkFTWM95j6sEiOgj3CUxD6FP61OIUQCJIEgho/oamc2jm', 'eyJhbGciOiJIUzI1NiIsInR5cCI6IkpXVCJ9.eyJ1c3VpZCI6NjYsImlhdCI6MTYxMzQzMjg5OSwiZXhwIjoxNjEzNDMzMDE5fQ.ZIM08T8u5_T7x0KhN8UTS3RmXJos--oJYhhEtdnl7LY', '38998685859', 0),
	(67, 'bellum.eventos@gmail.com', '$2b$10$7EQ1f.QM5mGIRWUVnhYv8OavqVzNGfUW9xj5ZEuaGM3hFlyqdjEwi', NULL, '21968240550', 0),
	(71, 'naaestrelaa@gmail.com', '$2b$10$XYlqbNUvKtIP6p0k9Fott.pa4mPF7inSXBL4PVTj5Dc3/sKMWfI0y', NULL, '18996608715', 0),
	(74, 'luciano.silvestrino@gmail.com', '$2b$10$NMKMovz53nkCm9C48slJz.bnJvwaXgqCaDXALcgRtJOFu1k0SB7Gu', NULL, '11960233536', 0),
	(78, 'mercearia@bol.com.br', '$2b$10$DUIeOjhkIz3LWSLX1iPAfuOLf6SGTu.vA0e398XiR7eqeJlwrPLQ2', NULL, '22992138222', 0),
	(79, 'rosemaryceszesnandi@gmail.com', '$2b$10$XHgC5AyzCXAVjZ.f2DE2ju3EsohhYkM4ORcMFihut/s1x8KO8ZD3S', NULL, '51984616152', 0),
	(80, 'vanessasantirodrigues@gmail.com', '$2b$10$DQ5qKXsYcwVKAIED8a/.UuhtY08qLbvR9HeGozo8IvfADatyLNHI2', NULL, '18997243977', 0),
	(83, 'jrmanias.480@gmail.com', '$2b$10$672usPfcRThZdIadKWCjfOk/RXNiKic3dhyrJRd5kdYzo0yW57b3C', NULL, '21975958380', 0),
	(84, 'pizzabrazola@gmail.com', '$2b$10$HZRY9WKYa1APcfRPJnczteZikc1ygiJ9ZPZz.hAMpjpwIHeD8VQk.', NULL, '61992188080', 0),
	(85, 'osmirsocorrodossantos@gmail.com', '$2b$10$teK3B3n5QnpqscIv/nUC2.y/vlp0KWR8lRxWmYGIJhUNm.bBfoRfi', NULL, '17996354526', 0),
	(87, 'patriciaverlymesquita@gmail.com', '$2b$10$fZjrc/QhZk./aW2x3V.hY.l2ye0PC41WPyCUMYYMREuSzmsHDjZnC', 'eyJhbGciOiJIUzI1NiIsInR5cCI6IkpXVCJ9.eyJ1c3VpZCI6ODcsImlhdCI6MTYxNTU5Mjc0MCwiZXhwIjoxNjE1NTkyODYwfQ.R_fuswviva-cSnrRXgtCDOVtNMt8ckuF0fykB_0ch4Q', '11968098740', 0),
	(88, 'samarapasteis@gmail.com', '$2b$10$nbByTSDXvmPSttJiC4pV7OmBpm6v0pQxD.OCqdfKPAXUP66q4B1L.', NULL, '11948996356', 0),
	(89, 'adamasio@yahoo.com.br', '$2b$10$kygV0N1At7LX8kMia.pHEepQEEZr2S1qjZssZsq/OaqndlyZS9CFK', NULL, '11943513342', 0),
	(90, 'marcelo.art40@gmail.com', '$2b$10$BHYaGsMXvPL2VW2E/FHNPOVds/MXGYtk3DkQraDZyhQ9Nul33/2ia', NULL, '11954121364', 0),
	(91, 'zandosul@gmail.com', '$2b$10$f4pcxg4GghjnljQN8rCFLOia1RW5blB8kJHII.WDeQlX5aSikCoa6', NULL, '55997147008', 0),
	(92, 'hotpizzadl@gmail.com', '$2b$10$EwJx7UNhgL9O3X0cMaCPhu.RMMdiqGC9IfWLCQnZ/wT0sxhvD/hta', 'eyJhbGciOiJIUzI1NiIsInR5cCI6IkpXVCJ9.eyJ1c3VpZCI6OTIsImlhdCI6MTYxNjA5MzgyMCwiZXhwIjoxNjE2MDkzOTQwfQ.XQgBN8iM_rWMZHaz59B0g5M7oNDSrbcVnbI45cpdLcU', '21972655075', 0),
	(96, 'dennis@dskinformatica.com.br', '$2b$10$TP8n38.jQFVPlTq52x45DeD/Q9c5ScrHfx0ru8ihSSltnBJj3JGUi', NULL, '11992139060', 0),
	(98, 'marianopizzas7@gmail.com', '$2b$10$C5DuTOgSJ1KtWsE57UeuZeERYNZngh8ecO7dAfZKfUp07wzjRRcqu', NULL, '18996491312', 0),
	(99, 'tids.distribuidora21@gmail.com', '$2b$10$/rsbDnL.7a0pUOQzDkcPyOUDSgz3VC8jT.1xhiKQBcdBlTUl9X37O', NULL, '12996501834', 0),
	(100, 'renato_silva_2007@hotmail.com', '$2b$10$M2EJ4./4oLvRXi2n61erCO2qqEdCfJSkM9oxdvj7yaCWq7hr7n/9q', NULL, '94992035864', 0),
	(101, 'julio@tanca.com.br', '$2b$10$6Yggyi/yrLY9pbRbZfpKdOq1qAu/ZcnAy8m6b2.sFyu6eDEHJY9Xi', NULL, '11949849869', 0),
	(102, 'contato@foodtok.com.br', '$2b$10$odB2a1RBbNpVRLEX/2s2Q.w8H3ZI68oBVmRwEBaOaGZ/SeSmAdIHW', NULL, '18981842531', 0),
	(103, 'saborearte181@gmail.com', '$2b$10$AQ8wbwlKeLFrknZCGv2mXu/YR4BLGq6JxfbVdx2B9C6sNUlRHux66', NULL, '18997159337', 0),
	(104, 'sandro_cagnato@hotmail.com', '$2b$10$eZxhJM9P4KeWVqsFRlwMxutjGGfeEW9E4F3LvsPrHWnnZdYn5OGEu', NULL, '11951313587', 0),
	(105, 'jessica.mguevara97@gmail.com', '$2b$10$OxUDYbHgsMpjZfnvrfcBUexfso66GTaxIHxQtWo.XOaLWw89Hfbf2', NULL, '18988163270', 0),
	(106, 'mateus@tanca.com.br', '$2b$10$2DfqOfX5y1nfq5rP892zTOVn6JxqFNE4WqJxHoAtgCaaVzHQ6.xje', NULL, '18981483133', 0),
	(107, 'andre.viotto@tanca.com.br', '$2b$10$WFm4CC3lrCbejLR01dnN9Ox0lJMSphboAlAq1fXTSXG54QNQlnVDS', NULL, '18991112121', 0);
/*!40000 ALTER TABLE `usuarios` ENABLE KEYS */;

-- Copiando estrutura para tabela db_foodtok.vendedores
CREATE TABLE IF NOT EXISTS `vendedores` (
  `venid` int(11) NOT NULL AUTO_INCREMENT,
  `usuid` int(11) NOT NULL,
  `vennome` varchar(45) DEFAULT NULL,
  PRIMARY KEY (`venid`),
  KEY `fk_vendedores_usuarios_idx` (`usuid`),
  CONSTRAINT `fk_vendedores_usuarios` FOREIGN KEY (`usuid`) REFERENCES `usuarios` (`usuid`) ON DELETE NO ACTION ON UPDATE NO ACTION
) ENGINE=InnoDB AUTO_INCREMENT=104 DEFAULT CHARSET=utf8;

-- Copiando dados para a tabela db_foodtok.vendedores: ~31 rows (aproximadamente)
/*!40000 ALTER TABLE `vendedores` DISABLE KEYS */;
INSERT INTO `vendedores` (`venid`, `usuid`, `vennome`) VALUES
	(14, 18, 'FoodTok'),
	(45, 49, 'Cristiano Abbud'),
	(60, 64, 'Fabio Rodrigo Aparecido de Campos'),
	(61, 65, 'JOAO HENRIQUE SANTIAGO'),
	(62, 66, 'Charles souza'),
	(63, 67, 'Rodrigo Campanhão'),
	(67, 71, 'Natalia Estrela'),
	(70, 74, 'Luciano Silvestrino'),
	(74, 78, 'Pizzaria cidade nova'),
	(75, 79, 'Rosemary Ceszesnandi '),
	(76, 80, 'Vanessa de Santi'),
	(79, 83, 'Edimar Ferreira Mendes Junior'),
	(80, 84, 'Pizzabrazola '),
	(81, 85, 'osmir socorro dos santos'),
	(83, 87, 'Patricia Verly Mesquita'),
	(84, 88, 'Samara Freitas de Araújo '),
	(85, 89, 'Damasio Almeida da Silva'),
	(86, 90, 'MARCELO MARQUES'),
	(87, 91, 'Elisandro'),
	(88, 92, 'Gremy Neto'),
	(92, 96, 'Dennis Krulikowski'),
	(94, 98, 'Juliana'),
	(95, 99, 'TIDS Distribuidora'),
	(96, 100, 'RENATO DA SILVA OLIVEIRA'),
	(97, 101, 'Julio'),
	(98, 102, 'Talita Sanchez'),
	(99, 103, 'Diego'),
	(100, 104, 'Sandro Eduardo Cagnato '),
	(101, 105, 'Jessica Pinheiro Guevara'),
	(102, 106, 'Mateus Rosa'),
	(103, 107, 'teste');
/*!40000 ALTER TABLE `vendedores` ENABLE KEYS */;

/*!40101 SET SQL_MODE=IFNULL(@OLD_SQL_MODE, '') */;
/*!40014 SET FOREIGN_KEY_CHECKS=IFNULL(@OLD_FOREIGN_KEY_CHECKS, 1) */;
/*!40101 SET CHARACTER_SET_CLIENT=@OLD_CHARACTER_SET_CLIENT */;
/*!40111 SET SQL_NOTES=IFNULL(@OLD_SQL_NOTES, 1) */;
